,text,scrape_time,tweet_id,created_at,reply_count,quote_count,like_count,retweet_count,username,num_followers,keywords
0,"Hey @JustinTrudeau instead of talking to Lisa Helps about Electric Vehicle Infrastructure, how about dealing with the homeless problem here in Victoria?

As a single parent I have been living in my car since June with no end in sight.

#bcpoli #Homeless #canadianpoli",2022-04-11 15:26:09.901159,1513580766441066498,2022-04-11 18:12:30+00:00,0,0,1,0,larknation69,13117,Victoria Homeless
1,"@SpongebobBirth @Flattielover @LadyOfTheOcean1 @Vickie627 @KsLiberal @Synyster63 @Bigteethyouhave @Frdmlvr3691 @DaniTrump2020 @TommyD07868371 @Saggit95 @donnnie @ShellyRKirchoff @akuscg @gopisdirty @PalusoSonny @TheDaveWeinbaum @BC_Missy @victoria_roark @NathanBronson7 @Silver_Strike @skeeduu @PridgeWessea @NatForTrump2024 @Jetson77 @PhilipEMSkinne1 @newsjunky2 @Kittie_Svengali @SaveThe_Ukraine @sd_usn @JoeBro20802650 @CunningMarshal @PeterBartholo14 @SuP3rK @NanetteDonnelly @VinceGottalotta @mmEyeNewMe @chriscr66024638 @RushvilleRockit @Sembrouthes @giddy_bunny @RonVarney3 @jeff77531528 @Emma34770971 @ItsBT50 @cbessex @CapJ2021 @gurleysgrl @GinniaDivinia @Annie20554592 They are flooding into our country, and they are either working American jobs or living off the taxpayers. Have you ever seen a homeless illegal alien? Have you ever been to a community hospital ER?  https://t.co/kTsU31akKF",2022-04-11 15:26:09.901159,1513574164057280512,2022-04-11 17:46:16+00:00,1,0,2,0,jerbear714,895,Victoria Homeless
2,"@KsLiberal @gopisdirty @TommyD07868371 @LadyOfTheOcean1 @Synyster63 @ShellyRKirchoff @PridgeWessea @Silver_Strike @Saggit95 @Vickie627 @Flattielover @Bigteethyouhave @Frdmlvr3691 @DaniTrump2020 @donnnie @akuscg @PalusoSonny @SpongebobBirth @TheDaveWeinbaum @BC_Missy @victoria_roark @NathanBronson7 @skeeduu @NatForTrump2024 @Jetson77 @PhilipEMSkinne1 @newsjunky2 @Kittie_Svengali @SaveThe_Ukraine @sd_usn @JoeBro20802650 @CunningMarshal @PeterBartholo14 @SuP3rK @NanetteDonnelly @VinceGottalotta @mmEyeNewMe @chriscr66024638 @RushvilleRockit @Sembrouthes @giddy_bunny @RonVarney3 @jeff77531528 @Emma34770971 @ItsBT50 @cbessex @CapJ2021 @gurleysgrl @GinniaDivinia @Annie20554592 The case I'm making is they are flooding over here, and they are either working American jobs or living off the taxpayers. Have you ever seen a homeless illegal alien? Have you ever thought about why? Have you ever been to a community hospital ER? https://t.co/kTsU31akKF",2022-04-11 15:26:09.901159,1513298762009124864,2022-04-10 23:31:55+00:00,1,0,1,0,HatedByBCgovt,20,Victoria Homeless
3,@HomeForHope @BurnsideGorge I am #homeowner #widow in @saanich had my in trust privateproperty stolen https://t.co/KX9QNPdFag by @cibc @BCProvCourt @David_eby every dime embezzled by @bcndp now #extremepoverty homeless/forced into prostitution. 1st act of #genocide against family/son https://t.co/u7LPS12QS0,2022-04-11 15:26:09.901159,1513216985059913730,2022-04-10 18:06:58+00:00,0,0,0,0,brightsider123,12509,Victoria Homeless
4,"Had loads of yellow sticker mushrooms and a yellow sticker beef joint - so today the homeless couple ate Beef and Mushroom Stroganoff, with rice‚Ä¶followed by gluten free (yellow sticker) Victoria sponge and custard.  In these shitty times it makes me happy I can do a tiny bit 1/2",2022-04-11 15:26:09.901159,1513201687476981762,2022-04-10 17:06:10+00:00,1,0,9,0,EndZonerBoner,260,Victoria Homeless
5,"@george_pattons @gopisdirty @PeterBartholo14 @DaniTrump2020 @Randomwatcher51 @Bad_Boy_Jesus @Mountain_Buddy @jerbear714 @Vickie627 @LadyOfTheOcean1 @fukit32 @Bigteethyouhave @PridgeWessea @Flattielover @akuscg @Synyster63 @KsLiberal @Frdmlvr3691 @TommyD07868371 @Saggit95 @donnnie @ShellyRKirchoff @PalusoSonny @SpongebobBirth @TheDaveWeinbaum @BC_Missy @victoria_roark @NathanBronson7 @Silver_Strike @skeeduu @NatForTrump2024 @Jetson77 @PhilipEMSkinne1 @newsjunky2 @Kittie_Svengali @SaveThe_Ukraine @sd_usn @JoeBro20802650 @CunningMarshal @SuP3rK @NanetteDonnelly @VinceGottalotta @mmEyeNewMe @chriscr66024638 @RushvilleRockit @Sembrouthes @giddy_bunny @RonVarney3 @jeff77531528 @Emma34770971 Taxes
Criminals released 
Crime wave
Hunter
Covid deaths skyrocket
Homeless population growing
The red tsunami",2022-04-11 15:26:09.901159,1513164066654765062,2022-04-10 14:36:41+00:00,2,0,2,1,victoriacitro,3722,Victoria Homeless
6,"Meanwhile in victoria‚Äôs  momo world üåé 
Homeless diary in Europe!
My friend is sleeping and I don‚Äôt have the keys üîë waiting  for a miracle and she woke up soon  7 am local time 
Sunday fun day #NFTCommmunity https://t.co/lo2jJyicac",2022-04-11 15:26:09.901159,1513070799359561728,2022-04-10 08:26:04+00:00,1,0,2,0,DaniTrump2020,6641,Victoria Homeless
7,@PridgeWessea @Bigteethyouhave @EndZonerBoner @LadyOfTheOcean1 @fukit32 @Flattielover @akuscg @Synyster63 @KsLiberal @Frdmlvr3691 @TommyD07868371 @Saggit95 @jerbear714 @Vickie627 @donnnie @ShellyRKirchoff @gopisdirty @PalusoSonny @SpongebobBirth @TheDaveWeinbaum @BC_Missy @victoria_roark @NathanBronson7 @Silver_Strike @skeeduu @NatForTrump2024 @Jetson77 @PhilipEMSkinne1 @newsjunky2 @Kittie_Svengali @SaveThe_Ukraine @sd_usn @JoeBro20802650 @CunningMarshal @PeterBartholo14 @SuP3rK @NanetteDonnelly @VinceGottalotta @mmEyeNewMe @chriscr66024638 @RushvilleRockit @Sembrouthes @giddy_bunny @RonVarney3 @jeff77531528 @Emma34770971 @ItsBT50 @cbessex @CapJ2021 @gurleysgrl Actually go see Elon Musks account. He's asking if they should convert the Twitter HQ in SF for thr Homeless.,2022-04-11 15:26:09.901159,1512997204100894721,2022-04-10 03:33:38+00:00,2,0,2,0,CharlesBodi,719,Victoria Homeless
8,"Great news

I scored a perfect 10.0 on Twitter today

I defended BIPOC, advocated for the homeless, made our community better, school #brWOKEn idiots, educated the Bicycle Lobby and blocked Together Victoria trolls https://t.co/z0YGPvElDA",2022-04-11 15:26:09.901159,1512994372270243840,2022-04-10 03:22:23+00:00,1,0,9,0,Vickie627,6122,Victoria Homeless
9,@EndZonerBoner @LadyOfTheOcean1 @Flattielover @DaniTrump2020 @Synyster63 @KsLiberal @Bigteethyouhave @Frdmlvr3691 @TommyD07868371 @Saggit95 @jerbear714 @donnnie @ShellyRKirchoff @akuscg @gopisdirty @PalusoSonny @SpongebobBirth @TheDaveWeinbaum @BC_Missy @victoria_roark @NathanBronson7 @Silver_Strike @skeeduu @PridgeWessea @NatForTrump2024 @Jetson77 @PhilipEMSkinne1 @newsjunky2 @Kittie_Svengali @SaveThe_Ukraine @sd_usn @JoeBro20802650 @CunningMarshal @PeterBartholo14 @SuP3rK @NanetteDonnelly @VinceGottalotta @mmEyeNewMe @chriscr66024638 @RushvilleRockit @Sembrouthes @giddy_bunny @RonVarney3 @jeff77531528 @Emma34770971 @ItsBT50 @cbessex @CapJ2021 @gurleysgrl @GinniaDivinia Yes it is hateful. They‚Äôre being treated very badly in Tijuana. They are homeless in Tijuana,2022-04-11 15:26:09.901159,1512985418043564034,2022-04-10 02:46:48+00:00,1,0,1,0,PridgeWessea,1466,Victoria Homeless
10,"@Vickie627 @LadyOfTheOcean1 @Flattielover @DaniTrump2020 @Synyster63 @KsLiberal @Bigteethyouhave @Frdmlvr3691 @TommyD07868371 @Saggit95 @jerbear714 @donnnie @ShellyRKirchoff @akuscg @gopisdirty @PalusoSonny @SpongebobBirth @TheDaveWeinbaum @BC_Missy @victoria_roark @NathanBronson7 @Silver_Strike @skeeduu @PridgeWessea @NatForTrump2024 @Jetson77 @PhilipEMSkinne1 @newsjunky2 @Kittie_Svengali @SaveThe_Ukraine @sd_usn @JoeBro20802650 @CunningMarshal @PeterBartholo14 @SuP3rK @NanetteDonnelly @VinceGottalotta @mmEyeNewMe @chriscr66024638 @RushvilleRockit @Sembrouthes @giddy_bunny @RonVarney3 @jeff77531528 @Emma34770971 @ItsBT50 @cbessex @CapJ2021 @gurleysgrl @GinniaDivinia No, it's not hateful, when you see what happens to them here. Compassion isn't taking someone in so they can be mistreated, homeless, and used by people at the day labor corral. It's actually more cruel.",2022-04-11 15:26:09.901159,1512976217716236303,2022-04-10 02:10:14+00:00,2,0,1,1,GFenburn,7,Victoria Homeless
11,@EndZonerBoner @LadyOfTheOcean1 @Flattielover @DaniTrump2020 @Synyster63 @KsLiberal @Bigteethyouhave @Frdmlvr3691 @TommyD07868371 @Saggit95 @jerbear714 @Vickie627 @donnnie @ShellyRKirchoff @akuscg @gopisdirty @PalusoSonny @SpongebobBirth @TheDaveWeinbaum @BC_Missy @victoria_roark @NathanBronson7 @Silver_Strike @skeeduu @NatForTrump2024 @Jetson77 @PhilipEMSkinne1 @newsjunky2 @Kittie_Svengali @SaveThe_Ukraine @sd_usn @JoeBro20802650 @CunningMarshal @PeterBartholo14 @SuP3rK @NanetteDonnelly @VinceGottalotta @mmEyeNewMe @chriscr66024638 @RushvilleRockit @Sembrouthes @giddy_bunny @RonVarney3 @jeff77531528 @Emma34770971 @ItsBT50 @cbessex @CapJ2021 @gurleysgrl @GinniaDivinia But you don‚Äôt do about the homeless anyway except bitch that they‚Äôre there.,2022-04-11 15:26:09.901159,1512970727770636290,2022-04-10 01:48:25+00:00,1,0,0,0,Andrewj60215382,3,Victoria Homeless
12,"@Vickie627 @LadyOfTheOcean1 @Flattielover @DaniTrump2020 @Synyster63 @KsLiberal @Bigteethyouhave @Frdmlvr3691 @TommyD07868371 @Saggit95 @jerbear714 @donnnie @ShellyRKirchoff @akuscg @gopisdirty @PalusoSonny @SpongebobBirth @TheDaveWeinbaum @BC_Missy @victoria_roark @NathanBronson7 @Silver_Strike @skeeduu @PridgeWessea @NatForTrump2024 @Jetson77 @PhilipEMSkinne1 @newsjunky2 @Kittie_Svengali @SaveThe_Ukraine @sd_usn @JoeBro20802650 @CunningMarshal @PeterBartholo14 @SuP3rK @NanetteDonnelly @VinceGottalotta @mmEyeNewMe @chriscr66024638 @RushvilleRockit @Sembrouthes @giddy_bunny @RonVarney3 @jeff77531528 @Emma34770971 @ItsBT50 @cbessex @CapJ2021 @gurleysgrl @GinniaDivinia Interesting that you say that. 

I'm not right-wing. I just left the left, like many are doing every day lately. 

You're more into the cruelty of being in a strange land and homeless, with no support...in colder temps than they're used to, getting ripped off at day labor. üëç",2022-04-11 15:26:09.901159,1512967458633658372,2022-04-10 01:35:26+00:00,3,0,2,1,niMUSHIN,1858,Victoria Homeless
13,"@Flattielover @PridgeWessea @VinceGottalotta @KsLiberal @Synyster63 @LadyOfTheOcean1 @Bigteethyouhave @Frdmlvr3691 @TommyD07868371 @Saggit95 @jerbear714 @Vickie627 @donnnie @ShellyRKirchoff @akuscg @gopisdirty @PalusoSonny @SpongebobBirth @TheDaveWeinbaum @BC_Missy @victoria_roark @NathanBronson7 @Silver_Strike @skeeduu @NatForTrump2024 @Jetson77 @PhilipEMSkinne1 @newsjunky2 @Kittie_Svengali @SaveThe_Ukraine @sd_usn @JoeBro20802650 @CunningMarshal @PeterBartholo14 @SuP3rK @NanetteDonnelly @mmEyeNewMe @chriscr66024638 @RushvilleRockit @Sembrouthes @giddy_bunny @RonVarney3 @jeff77531528 @Emma34770971 @ItsBT50 @cbessex @CapJ2021 @gurleysgrl @GinniaDivinia @Annie20554592 I know. If we could I'd be happy to take in everyone who wants to be here. But I don't want homeless, starving, illness being ignored, all the horror we already have. It's like going to dinner. If you plan on 4 people and 40 show up. You're all going to lose.",2022-04-11 15:26:09.901159,1512963148789293061,2022-04-10 01:18:18+00:00,0,0,1,0,Covid_Stinks,161,Victoria Homeless
14,"@PridgeWessea @VinceGottalotta @KsLiberal @Synyster63 @Flattielover @LadyOfTheOcean1 @Bigteethyouhave @Frdmlvr3691 @TommyD07868371 @Saggit95 @jerbear714 @Vickie627 @donnnie @ShellyRKirchoff @akuscg @gopisdirty @PalusoSonny @SpongebobBirth @TheDaveWeinbaum @BC_Missy @victoria_roark @NathanBronson7 @Silver_Strike @skeeduu @NatForTrump2024 @Jetson77 @PhilipEMSkinne1 @newsjunky2 @Kittie_Svengali @SaveThe_Ukraine @sd_usn @JoeBro20802650 @CunningMarshal @PeterBartholo14 @SuP3rK @NanetteDonnelly @mmEyeNewMe @chriscr66024638 @RushvilleRockit @Sembrouthes @giddy_bunny @RonVarney3 @jeff77531528 @Emma34770971 @ItsBT50 @cbessex @CapJ2021 @gurleysgrl @GinniaDivinia @Annie20554592 That's the thing. We don't want to outraged. We want our homeless off the streets, every person here properly taken care of, young to old. THEN figure out how many we can handle to properly care for. Is that really a bad thing?",2022-04-11 15:26:09.901159,1512961204813238274,2022-04-10 01:10:35+00:00,1,0,2,0,EpilepsyRUK,14021,Victoria Homeless
15,"@LadyOfTheOcean1 @Vickie627 @Flattielover @DaniTrump2020 @Synyster63 @KsLiberal @Bigteethyouhave @Frdmlvr3691 @TommyD07868371 @Saggit95 @jerbear714 @donnnie @ShellyRKirchoff @akuscg @gopisdirty @PalusoSonny @SpongebobBirth @TheDaveWeinbaum @BC_Missy @victoria_roark @NathanBronson7 @Silver_Strike @skeeduu @PridgeWessea @NatForTrump2024 @Jetson77 @PhilipEMSkinne1 @newsjunky2 @Kittie_Svengali @SaveThe_Ukraine @sd_usn @JoeBro20802650 @CunningMarshal @PeterBartholo14 @SuP3rK @NanetteDonnelly @VinceGottalotta @mmEyeNewMe @chriscr66024638 @RushvilleRockit @Sembrouthes @giddy_bunny @RonVarney3 @jeff77531528 @Emma34770971 @ItsBT50 @cbessex @CapJ2021 @gurleysgrl @GinniaDivinia The homeless illegals around here are suffering. It's not like every one of them has a family to stay with here. Then the homeless sweeps happen and their belongings are taken for sanitary reasons, and they're given a ticket that they can't pay.",2022-04-11 15:26:09.901159,1512926357948612610,2022-04-09 22:52:07+00:00,0,1,3,0,ShellyRKirchoff,17945,Victoria Homeless
16,"Since #Budget2022 has locked in mass homelessness in Greater Victoria (and all of Canada), we're going to have to figure out a new approach to how the public, biz, &amp; govts interact with people who live in public spaces. https://t.co/hkbm1vTnO7",2022-04-11 15:26:10.132653,1513548187193131008,2022-04-11 16:03:02+00:00,0,0,5,0,NicoleChaland,1099,Victoria Homelessness
17,@katy_merrifield Agreed. Now why would you expect @GraceALore  to do better. We have a primary care crisis and urgent homelessness issues in Victoria and the silence is deafening from our MLA. It's hard to do better when urgent issues are ignored.,2022-04-11 15:26:10.132653,1513344221645836288,2022-04-11 02:32:33+00:00,0,0,0,0,kruselnicki,171,Victoria Homelessness
18,"@gossthegoose @ArtistAffame @DamienEvans7 @AlboMP the social security provided by the government is necessary. Without it crime, child abuse, homelessness all these terrible social ills would be endemic in a large portion of the population, just as it was before. Think of the Victoria era...we do not want to go back to that",2022-04-11 15:26:10.132653,1513044959523352577,2022-04-10 06:43:24+00:00,1,0,1,0,drobwlldiad,5453,Victoria Homelessness
19,"@EndZonerBoner @Flattielover @Synyster63 @KsLiberal @Bigteethyouhave @Frdmlvr3691 @DaniTrump2020 @TommyD07868371 @Saggit95 @jerbear714 @Vickie627 @donnnie @ShellyRKirchoff @akuscg @gopisdirty @PalusoSonny @SpongebobBirth @TheDaveWeinbaum @BC_Missy @victoria_roark @NathanBronson7 @Silver_Strike @skeeduu @PridgeWessea @NatForTrump2024 @Jetson77 @PhilipEMSkinne1 @newsjunky2 @Kittie_Svengali @SaveThe_Ukraine @sd_usn @JoeBro20802650 @CunningMarshal @PeterBartholo14 @SuP3rK @NanetteDonnelly @VinceGottalotta @mmEyeNewMe @chriscr66024638 @RushvilleRockit @Sembrouthes @giddy_bunny @RonVarney3 @jeff77531528 @Emma34770971 @ItsBT50 @cbessex @CapJ2021 @gurleysgrl @GinniaDivinia Not true. Asylum seekers (unlike people with refugee status) don't qualify for any federal assistance

I know the process is complicated and confusing.  And I agree homelessness is a problem. But you do realize that another problem now is not having enough workers for  jobs",2022-04-11 15:26:10.132653,1512910659322851330,2022-04-09 21:49:44+00:00,1,0,2,0,LadyOfTheOcean1,18551,Victoria Homelessness
20,"Every day, a dire shortage of homes for $550/month causes new inflows to homelessness &amp; prevents exits from homelessness.

#Budget2022 promises 6,000 homes at this rent for ALL OF CANADA. 

Meanwhile, Greater Victoria has a backlog shortage of  &gt;10,000 homes that cost $550/mo.",2022-04-11 15:26:10.132653,1512459595645538307,2022-04-08 15:57:22+00:00,1,0,10,5,Frdmlvr3691,117,Victoria Homelessness
21,@Saggit95 @Silver_Strike @ShellyRKirchoff @KsLiberal @Synyster63 @skeeduu @TommyD07868371 @PridgeWessea @Vickie627 @akuscg @NathanBronson7 @Bigteethyouhave @victoria_roark @NatForTrump2024 @SpongebobBirth @Jetson77 @PhilipEMSkinne1 @newsjunky2 @LadyOfTheOcean1 @PalusoSonny @Kittie_Svengali @SaveThe_Ukraine @sd_usn @JoeBro20802650 @CunningMarshal @Flattielover @PeterBartholo14 @SuP3rK @NanetteDonnelly @VinceGottalotta @jerbear714 @mmEyeNewMe @chriscr66024638 @RushvilleRockit @Sembrouthes @giddy_bunny @RonVarney3 @jeff77531528 @Emma34770971 @ItsBT50 @cbessex @CapJ2021 @gurleysgrl @GinniaDivinia @gopisdirty @Annie20554592 @BC_Missy @BernFost1 @WisePaxCat @IvankaTrump And what are you doing about the homelessness all over the US? How does homelessness cure sexuality taught in schools in early education? I think you‚Äôve been dropped on your head too many times as an infant!,2022-04-11 15:26:10.132653,1512228265032921111,2022-04-08 00:38:08+00:00,2,0,3,0,KaylaHogg3,302,Victoria Homelessness
22,"@cameronnight11 @Stefan_SCan People do it here in Victoria all year long ü§∑‚Äç‚ôÄÔ∏è it's not labeled a protest though, just homelessness, you know, a permanent problem, not tempory https://t.co/enP5g9xPbU",2022-04-11 15:26:10.132653,1512155605816918020,2022-04-07 19:49:25+00:00,1,0,2,0,KellyManningart,892,Victoria Homelessness
23,Omg there‚Äôs so much homelessness in Victoria Street atm and I‚Äôm an easy target. I‚Äôve officially paid the rent this week. #devastating,2022-04-11 15:26:10.132653,1511952760228696066,2022-04-07 06:23:23+00:00,0,0,0,0,VCOSS,14103,Victoria Homelessness
24,"This.

This is the very human face of regional Victoria's renting, housing and homelessness crisis.

This is a crisis if our own making. 

Well told by @JessWhitty at @PRIME7Border.
https://t.co/PYQR6yjgym",2022-04-11 15:26:10.132653,1511844182960214019,2022-04-06 23:11:56+00:00,1,6,21,10,AnthonyLarme,984,Victoria Homelessness
25,"""Cancel every member of Victoria Police.
Drive them into poverty and homelessness. Banish them. They will be punished for the rest of their lives""",2022-04-11 15:26:10.132653,1511543850011045891,2022-04-06 03:18:31+00:00,0,0,0,0,_jeremy_sch,312,Victoria Homelessness
26,"Examples of those entities:
Capital Region Housing Corporation
Pacifica Housing
Aboriginal Coalition to End Homelessness
Gorge View Society
Greater Victoria Housing Society
Threshold Housing Society
M'akola Housing Society",2022-04-11 15:26:10.132653,1511504880514441218,2022-04-06 00:43:40+00:00,1,0,6,0,Barbara56532662,14,Victoria Homelessness
27,'That should shock people': Single mum of five faces living in her car - looking at the rental situation in Victoria https://t.co/d9dMZIVCpb,2022-04-11 15:26:10.132653,1511334233469591563,2022-04-05 13:25:35+00:00,0,0,0,0,MrDunstanESQ,148,Victoria Homelessness
28,"@ourplacesociety My understanding is there is a mix of people at that encampment

There are those who failed out of housing

Those who are new to Victoria

And then there are housed people like Shea Smith trying to create a tent city

Now they're calling it the Vic High Village to avoid stigma",2022-04-11 15:26:10.244826,1512996261552525316,2022-04-10 03:29:53+00:00,0,0,2,0,CharlesBodi,719,Victoria Encampment
29,@berryonline Hopefully you are going to discuss when the removal of that disgusting and disgraceful eye sore of an encampment on Weber and Victoria is going to be removed,2022-04-11 15:26:10.244826,1512044093555281925,2022-04-07 12:26:18+00:00,0,0,0,0,IMTysonBond,18,Victoria Encampment
30,"A country can survive war, illness, and poverty. However one cannot survive in a country where justice does not exist.  -Pablo Victoria",2022-04-11 15:26:10.505687,1513457172138856450,2022-04-11 10:01:23+00:00,0,0,1,0,kylekim0121,55,Victoria Poverty
31,The principal objective of this project is to contribute to broad-based poverty alleviation and improvement of livelihoods of people through increased investment in maritime transport and fishing on Lake Victoria. #LetsBuildUG #UgMoving4wd https://t.co/oyY2ZnPBCw,2022-04-11 15:26:10.505687,1513387614400917506,2022-04-11 05:24:59+00:00,1,0,7,11,Martin_nuh,54,Victoria Poverty
32,"@GraceALore 1: The convoy was not a white supremacist group
2: The Carbon Tax is the reason you got a raise, and is the reason Canadians are going into poverty
3: You have done nothing for Victoria residents, you negated public safety 

The list goes on though you are too dense to listen",2022-04-11 15:26:10.505687,1513365509051322370,2022-04-11 03:57:08+00:00,0,0,7,0,CharlesBodi,719,Victoria Poverty
33,"Malaysia,

A country can survive war, illness and poverty, however, one cannot survive in a country where justice does not exist 

- Pablo Victoria - https://t.co/1fHBMqQlp9",2022-04-11 15:26:10.505687,1513329813045403649,2022-04-11 01:35:18+00:00,0,0,0,0,AsiaMcn,14,Victoria Poverty
34,"A country can survive war, illness, and poverty. However, one cannot survive in a country where justice does not exist‚ÄîPablo Victoria

#AgainMyLifeEp1 
#LeeJoonGi https://t.co/7enumt5X5R",2022-04-11 15:26:10.505687,1513327857141174272,2022-04-11 01:27:32+00:00,0,0,0,0,engr_kvii,286,Victoria Poverty
35,"""A country can survive war, illness, and poverty,
However, one cannot survive in a country....
Where justice does not exist.""
(Pablo Victoria)",2022-04-11 15:26:10.505687,1513221516137271297,2022-04-10 18:24:58+00:00,1,0,5,1,Neurokirurg,342,Victoria Poverty
36,@PovReductionBC @PovFreeTeam @300ToLive FORCED INTO POVERTY &amp; PROSTITUTION https://t.co/KX9QNPdFag BY GOVT #BCStorm I am being #murdered by @saanich @vicpdcanada @SaanichPolice AGENTS &amp;BC GOVT @Dave_Eby @jjhorgan @BCProsecution @BCProvCourt AGENTS #racism #hatecrimes #discrimination #Taken #evil https://t.co/u7LPS12QS0,2022-04-11 15:26:10.505687,1513214575126056963,2022-04-10 17:57:23+00:00,0,0,0,0,HatedByBCgovt,20,Victoria Poverty
37,"The opening quoteü•∫ü•∫
""A country can survive war, illness, and poverty. However, one cannot survive in a country where justice does not exist.""- Pablo Victoria #AgainMyLifeEp1",2022-04-11 15:26:10.505687,1513126377377124360,2022-04-10 12:06:55+00:00,1,1,1,0,M_Adeeronke,222,Victoria Poverty
38,"A country can survive war, illness, and poverty. However, one cannot survive in a country where justice does not exist.
-Pablo Victoria.",2022-04-11 15:26:10.505687,1512935244567138310,2022-04-09 23:27:25+00:00,1,0,3,0,fauzeeyya9,562,Victoria Poverty
39,"""A country can survive war, illness, and  poverty. However, one cannot survive in a country where justice does not exist."" ~Pablo Victoria",2022-04-11 15:26:10.505687,1512918804309110785,2022-04-09 22:22:06+00:00,0,0,1,0,nestgianan,773,Victoria Poverty
40,"#ÿßŸÖŸæŸàÿ±Ÿπ⁄à_ÿ≠⁄©ŸàŸÖÿ™_ŸÜÿßŸÖŸÜÿ∏Ÿàÿ± 
A country can survive war, illness, and poverty. However, one cannot survive in a country where justice does not exist. (pablo victoria)",2022-04-11 15:26:10.505687,1512908922205749255,2022-04-09 21:42:50+00:00,0,0,0,0,x2ichi,27,Victoria Poverty
41,"@jjhorgan We continue to call on Victoria to increase disabled BCers‚Äô #PwD rates to an adequate level of support, not the constant struggle of far below poverty. Unfortunately, the provincial budget failed to #RaiseTheRates by even a single dollar.

@BCNDP @NicholasSimons @SelinaRobinson",2022-04-11 15:26:10.505687,1512851839619768327,2022-04-09 17:56:00+00:00,3,0,14,6,DisabledVancity,251,Victoria Poverty
42,"We continue to call on Victoria to increase disabled BCers‚Äô #PwD rates to an adequate level of support, not the constant struggle of far below poverty. Unfortunately, the provincial budget failed to #RaiseTheRates by even a single dollar.

@BCNDP @NicholasSimons @SelinaRobinson https://t.co/dakc9Mnbcs",2022-04-11 15:26:10.505687,1512851780081577986,2022-04-09 17:55:46+00:00,0,0,4,3,siipril,59,Victoria Poverty
43,"""A country can survive war, disease and poverty, but one cannot survive in a country where justice doesn't exist""

-Pablo Victoria-",2022-04-11 15:26:10.505687,1512812714946863107,2022-04-09 15:20:32+00:00,0,0,0,0,v_mcmxci,3,Victoria Poverty
44,"I started a new drama today and there's a quote that caught my attention.

""A country can survive war,illness and poverty. However, a person cannot survive in a country where justice does not exist"" - Pablo victoria",2022-04-11 15:26:10.505687,1512741113320579078,2022-04-09 10:36:01+00:00,0,0,8,3,RichardAmbunya1,80,Victoria Poverty
45,@MumbiMbui It surprised Siaya was named one of the last ten counties languishing in poverty yet it rain throughout the year and fishing activities are in lake Victoria,2022-04-11 15:26:10.505687,1512731586135040007,2022-04-09 09:58:09+00:00,0,0,1,0,Kdrama_QuotesEp,5,Victoria Poverty
46,"[ #AgainMyLife ]
""A country can survive war, illness &amp; poverty. However, one cannot survive in a country where justice does not exist"" - (Pablo Victoria) - #AgainMyLifeEp1 https://t.co/MiScJTSCFt",2022-04-11 15:26:10.505687,1512665142307155969,2022-04-09 05:34:08+00:00,0,0,13,5,Ellinadear,5152,Victoria Poverty
47,"""A country can survive war, illness &amp; Poverty. However, one cannot survive in a country whee Justice doesn't exist."" - Pablo Victoria

#AgainMyLife",2022-04-11 15:26:10.505687,1512517731257622534,2022-04-08 19:48:23+00:00,0,0,5,1,Williammaablabs,36,Victoria Poverty
48,Am turning away from poverty to prosperity @PearlMovies @MaablabsTechLtd @quit @victoria_sibiya @poshaaloyo @HaffionHaffy https://t.co/TJhxZAe1xn,2022-04-11 15:26:10.505687,1512493569285799936,2022-04-08 18:12:22+00:00,0,0,1,0,wendihouse22,780,Victoria Poverty
49,"@AkanKwaku Nothing‚Äôs changed in hundreds of years. Queen Victoria being shielded from the poverty disease in her Royal carriage, when she went about in London. It was so awful, the poor woman wasn‚Äôt allowed to ‚Äúlook‚Äù.  

Recently, the homeless rounded up and shifted, pre Harry‚Äôs wedding.",2022-04-11 15:26:10.505687,1512358919817121793,2022-04-08 09:17:19+00:00,0,0,0,0,billwells_1,868,Victoria Poverty
50,"@Victoria_Spratt @theipaper @r_earwaker @jrf_uk @LibDems This isn't quite true is it?

There are affordability restrictions - associated with Govt prudence regulations - in how much you can take out on mortgages. 

Also, the presumption are that the 1/3 in poverty are all house buyers not home owners. Unlikely?@CarolLewis101",2022-04-11 15:26:10.505687,1512349072866304000,2022-04-08 08:38:11+00:00,0,0,1,0,ethoscentre,783,Victoria Poverty
51,"The Conversation has picked up on the report, ‚ÄòScarring effects of the pandemic economy‚Äô, published by Catholic Social Services Victoria, where I work as Senior Policy Officer, along with other agencies. 

#lockdowns #socialservices #poverty 

https://t.co/iokv8wPQFP",2022-04-11 15:26:10.505687,1512021614493265923,2022-04-07 10:56:59+00:00,1,0,0,1,Seirian,254,Victoria Poverty
52,"Victoria Surgery, Holyhead. End Period Poverty. @RhunapIorwerth @AngleseyScMedia #endperiodpoverty https://t.co/Egzbv1Qh9D",2022-04-11 15:26:10.505687,1511969876654669835,2022-04-07 07:31:24+00:00,0,1,9,1,denoh_owino,0,Victoria Poverty
53,"This is siaya county. Home baba the 5th among the poorest counties in Kenya. With 'migingo' farm, dominion farm and lake Victoria still we can't eradicate the poverty level. Effect of voting six piece
@RailaOdinga @RasangaGov @orengo_james https://t.co/zbgfoSIQth",2022-04-11 15:26:10.505687,1511817006999379970,2022-04-06 21:23:57+00:00,0,0,0,0,cartujakds,12292,Victoria Poverty
54,Victoria Chinsee of our San Diego office is a horror movie and true-crime addict as well as a mother to two cats and two dogs. Get to know Victoria in the April edition of #IAmBT. https://t.co/sUUqE9SNua,2022-04-11 15:26:10.796851,1513601102285004806,2022-04-11 19:33:18+00:00,0,0,0,0,BTLawNews,3328,Victoria Crime
55,@Blitz0076 @jerbear714 @SpongebobBirth @Bigteethyouhave @BC_Missy @Jetson77 @Synyster63 @PalusoSonny @PridgeWessea @Frdmlvr3691 @Kittie_Svengali @SaveThe_Ukraine @NatForTrump2024 @sd_usn @JoeBro20802650 @victoria_roark @CunningMarshal @Flattielover @PeterBartholo14 @akuscg @SuP3rK @NanetteDonnelly @VinceGottalotta @mmEyeNewMe @chriscr66024638 @RushvilleRockit @PhilipEMSkinne1 @Silver_Strike @Sembrouthes @NathanBronson7 @giddy_bunny @skeeduu @RonVarney3 @jeff77531528 @Emma34770971 @ItsBT50 @Merry_Hippie @LordButters22 @shrekthepunk @jeffschlueter1 @drdeblk @Saggit95 @TreatHunterDog @dennis_ritchey @DeniseBalistre1 @cow_cousin @RitaBlue21 @DemocratCali @imjustme1424 @JezProudDem Yawn .... Trying to turn that nothing burger into  a crime just shows how desperate you are.,2022-04-11 15:26:10.796851,1513599503823159301,2022-04-11 19:26:57+00:00,2,0,3,0,LadyOfTheOcean1,18551,Victoria Crime
56,@Sembrouthes @NatForTrump2024 @jerbear714 @LadyOfTheOcean1 @SpongebobBirth @Bigteethyouhave @BC_Missy @Blitz0076 @Jetson77 @Synyster63 @PalusoSonny @PridgeWessea @Frdmlvr3691 @Kittie_Svengali @SaveThe_Ukraine @sd_usn @JoeBro20802650 @victoria_roark @CunningMarshal @Flattielover @PeterBartholo14 @akuscg @SuP3rK @NanetteDonnelly @VinceGottalotta @mmEyeNewMe @chriscr66024638 @RushvilleRockit @PhilipEMSkinne1 @Silver_Strike @NathanBronson7 @giddy_bunny @skeeduu @RonVarney3 @jeff77531528 @Emma34770971 @ItsBT50 @cbessex @CapJ2021 @gurleysgrl @GinniaDivinia @gopisdirty @ShellyRKirchoff @Annie20554592 @BernFost1 @KsLiberal @Vickie627 @WisePaxCat @newsjunky2 @IvankaTrump It's actually a Crime Syndicate. https://t.co/aVi7MnMXuB,2022-04-11 15:26:10.796851,1513595882758938627,2022-04-11 19:12:34+00:00,0,0,0,0,JCDeardeuff,1474,Victoria Crime
57,"@jerbear714 @LadyOfTheOcean1 @SpongebobBirth @Bigteethyouhave @BC_Missy @Blitz0076 @Jetson77 @Synyster63 @PalusoSonny @PridgeWessea @Frdmlvr3691 @Kittie_Svengali @SaveThe_Ukraine @NatForTrump2024 @sd_usn @JoeBro20802650 @victoria_roark @CunningMarshal @Flattielover @PeterBartholo14 @akuscg @SuP3rK @NanetteDonnelly @VinceGottalotta @mmEyeNewMe @chriscr66024638 @RushvilleRockit @PhilipEMSkinne1 @Silver_Strike @NathanBronson7 @giddy_bunny @skeeduu @RonVarney3 @jeff77531528 @Emma34770971 @ItsBT50 @cbessex @CapJ2021 @gurleysgrl @GinniaDivinia @gopisdirty @ShellyRKirchoff @Annie20554592 @BernFost1 @KsLiberal @Vickie627 @WisePaxCat @newsjunky2 @IvankaTrump @DonaldJTrumpJr The Biden's are a crime family, and degenerate to the core. End of story.",2022-04-11 15:26:10.796851,1513595104266756097,2022-04-11 19:09:28+00:00,4,0,7,1,Sembrouthes,2378,Victoria Crime
58,"@Tommyw_g @mikewhoatv Running isn‚Äôt a crime mate otherwise they‚Äôd better spend their time in Victoria Park, loads of people in Lycra waiting to be put away. Give your head a wobble",2022-04-11 15:26:10.796851,1513582607317012485,2022-04-11 18:19:49+00:00,0,0,17,0,stuartleech,1172,Victoria Crime
59,"We are on 3. Again, recasting of Victoria is a crime.",2022-04-11 15:26:10.796851,1513489252000096256,2022-04-11 12:08:51+00:00,1,0,0,0,martinblackw0od,232,Victoria Crime
60,"Melbourne tops list for most assaults

https://t.co/PN4GLwJ1Gc",2022-04-11 15:26:10.796851,1513468554183512067,2022-04-11 10:46:36+00:00,0,0,0,0,mottlecah,606,Victoria Crime
61,"So to be clear! 
üëç for Morrison&amp;Co to lie,cheat, steal: üëé to honestly err &amp; acknowledge it. 
Show no weakness?! 
Seems honest mistakes = an unforgivable crime. 
""Gaffes""/ ""stumbles"" more terrible than deliberate rorts &amp; arrogant untruths? @GuardianAus 

https://t.co/k9u54a6eFC",2022-04-11 15:26:10.796851,1513373558583410691,2022-04-11 04:29:08+00:00,0,0,1,0,Jet95004762,143,Victoria Crime
62,"@turk_victoria @MuellerSheWrote @USAO_DC Transnational Organized Crime.

https://t.co/yRY7lBJ25Q",2022-04-11 15:26:10.796851,1513364810448220163,2022-04-11 03:54:22+00:00,0,0,3,0,wiseoldwoman,1917,Victoria Crime
63,The bill to replace the Victims of Crime Assistance Tribunal (VOCAT) with an administrative Financial Assistance Scheme (LA 2nd reading) is a radical change to financially help victims of crime says @theheraldsun https://t.co/x1ADYovoqL,2022-04-11 15:26:10.797851,1513322189323321348,2022-04-11 01:05:00+00:00,0,0,2,1,VicLawReform,6799,Victoria Crime
64,https://t.co/5PGrER4z3b altered a news headline: https://t.co/h7mOO8fJxz https://t.co/iL2PxaGyXR,2022-04-11 15:26:10.797851,1513317454247735299,2022-04-11 00:46:11+00:00,0,0,0,0,ausheadlinebot,2479,Victoria Crime
65,"WATCH: #CCTV footage has captured the horror moment a #Melbourne driver appeared to run a red light, before mowing down and killing a pedestrian https://t.co/dq6FiSX5wr #police #crime #videoforensics via @newscomauHQ",2022-04-11 15:26:10.797851,1513312456013381633,2022-04-11 00:26:20+00:00,0,0,1,1,Video_Forensics,621,Victoria Crime
66,"New data reveals how many people have been assaulted in Victoria, with hundreds of violent crimes taking place during the lockdown. See how many assaults were in your local area. @faganjosh  https://t.co/bt6Bl3Hdyo",2022-04-11 15:26:10.797851,1513283184292638721,2022-04-10 22:30:01+00:00,4,1,2,2,theheraldsun,345022,Victoria Crime
67,"Did you mayhaps think
Dat a Elizabethan collar
With adorable li‚Äôlüêæ prints
Would somehow
Lessen your culpability
In dis crime against felinity?
Woe unto you
Ye collarer of innocent cates
Victoria was ever sweet
But Elizabeth sank armadas üí•
Think of dat, bitches

@ShroffAnimalLaw https://t.co/cmGv29Rzb2",2022-04-11 15:26:10.797851,1513255109337260037,2022-04-10 20:38:27+00:00,1,0,9,1,KiwiTheKitty,4461,Victoria Crime
68,"@george_pattons @gopisdirty @PeterBartholo14 @DaniTrump2020 @Randomwatcher51 @Bad_Boy_Jesus @Mountain_Buddy @jerbear714 @Vickie627 @LadyOfTheOcean1 @fukit32 @Bigteethyouhave @PridgeWessea @Flattielover @akuscg @Synyster63 @KsLiberal @Frdmlvr3691 @TommyD07868371 @Saggit95 @donnnie @ShellyRKirchoff @PalusoSonny @SpongebobBirth @TheDaveWeinbaum @BC_Missy @victoria_roark @NathanBronson7 @Silver_Strike @skeeduu @NatForTrump2024 @Jetson77 @PhilipEMSkinne1 @newsjunky2 @Kittie_Svengali @SaveThe_Ukraine @sd_usn @JoeBro20802650 @CunningMarshal @SuP3rK @NanetteDonnelly @VinceGottalotta @mmEyeNewMe @chriscr66024638 @RushvilleRockit @Sembrouthes @giddy_bunny @RonVarney3 @jeff77531528 @Emma34770971 Taxes
Criminals released 
Crime wave
Hunter
Covid deaths skyrocket
Homeless population growing
The red tsunami",2022-04-11 15:26:10.797851,1513164066654765062,2022-04-10 14:36:41+00:00,2,0,2,1,EndZonerBoner,260,Victoria Crime
69,The Massimos were connected to the Clerkenwell Crime Syndicate through the marriage of actress Victoria Dawn Adams with Don Vittorio Emanuel Massimo https://t.co/rzpvFW5m9O https://t.co/uSXAU2Oioi,2022-04-11 15:26:10.797851,1513070215566958592,2022-04-10 08:23:45+00:00,0,0,1,1,doubleDutchquak,308,Victoria Crime
70,"@gossthegoose @ArtistAffame @DamienEvans7 @AlboMP the social security provided by the government is necessary. Without it crime, child abuse, homelessness all these terrible social ills would be endemic in a large portion of the population, just as it was before. Think of the Victoria era...we do not want to go back to that",2022-04-11 15:26:10.797851,1513044959523352577,2022-04-10 06:43:24+00:00,1,0,1,0,drobwlldiad,5453,Victoria Crime
71,@cesarhfutbol Been to both (sitting in Victoria Block today). Agree. The way they defaced the Azteca is a crime. I was there in ‚Äò09 for the Sabah winner. Best atmosphere I‚Äôve ever seen. It was some Gladiator shit. Ahora‚Ä¶yikes.,2022-04-11 15:26:10.797851,1513029482822594563,2022-04-10 05:41:54+00:00,0,0,2,0,frankreyesvilla,204,Victoria Crime
72,"@amanda_j_porter But in Victoria Police are mostly not there to fight crime, but to suppress protests, mostly climate protesters.",2022-04-11 15:26:10.797851,1512984801560576003,2022-04-10 02:44:21+00:00,1,0,0,0,jennmelb,852,Victoria Crime
73,"@EndZonerBoner @Vickie627 @LadyOfTheOcean1 @Flattielover @DaniTrump2020 @Synyster63 @KsLiberal @Bigteethyouhave @Frdmlvr3691 @TommyD07868371 @Saggit95 @jerbear714 @donnnie @ShellyRKirchoff @akuscg @gopisdirty @PalusoSonny @SpongebobBirth @TheDaveWeinbaum @BC_Missy @victoria_roark @NathanBronson7 @Silver_Strike @skeeduu @NatForTrump2024 @Jetson77 @PhilipEMSkinne1 @newsjunky2 @Kittie_Svengali @SaveThe_Ukraine @sd_usn @JoeBro20802650 @CunningMarshal @PeterBartholo14 @SuP3rK @NanetteDonnelly @VinceGottalotta @mmEyeNewMe @chriscr66024638 @RushvilleRockit @Sembrouthes @giddy_bunny @RonVarney3 @jeff77531528 @Emma34770971 @ItsBT50 @cbessex @CapJ2021 @gurleysgrl @GinniaDivinia So you know your boss is committing a crime and you‚Äôre doing nothing about him exploiting them?

Just wow.",2022-04-11 15:26:10.797851,1512974366434201604,2022-04-10 02:02:53+00:00,0,0,0,0,PridgeWessea,1466,Victoria Crime
74,Victoria does not need 1500 new police! Victoria already has more police ‚Äì by head count ‚Äì than any other state. This on top of the 3100 extra police last year! Record budgets in spite of the fact that crime is going down across most categories: https://t.co/Ay4fzELCX6,2022-04-11 15:26:10.797851,1512972487654801411,2022-04-10 01:55:25+00:00,1,2,38,13,amanda_j_porter,2169,Victoria Crime
75,"@longjohns1234 @jerbear714 @Saggit95 @gopisdirty @LadyOfTheOcean1 @Flattielover @Synyster63 @KsLiberal @Bigteethyouhave @Frdmlvr3691 @DaniTrump2020 @TommyD07868371 @donnnie @ShellyRKirchoff @akuscg @PalusoSonny @SpongebobBirth @TheDaveWeinbaum @BC_Missy @victoria_roark @NathanBronson7 @Silver_Strike @skeeduu @PridgeWessea @NatForTrump2024 @Jetson77 @PhilipEMSkinne1 @newsjunky2 @Kittie_Svengali @SaveThe_Ukraine @sd_usn @JoeBro20802650 @CunningMarshal @PeterBartholo14 @SuP3rK @NanetteDonnelly @VinceGottalotta @mmEyeNewMe @chriscr66024638 @RushvilleRockit @Sembrouthes @giddy_bunny @RonVarney3 @jeff77531528 @Emma34770971 @ItsBT50 @cbessex @CapJ2021 @gurleysgrl @GinniaDivinia It‚Äôs not safe in Tijuana. Very high crime, murders and kidnappings. 

I have 11 Mexican-American grandchildren, a Mexican SOL and a Mexican DIL.",2022-04-11 15:26:10.797946,1512963651308728321,2022-04-10 01:20:18+00:00,0,0,2,0,Vickie627,6122,Victoria Crime
76,@passionmoon @Stephen_Andrew Drivers have not caused the social unrest and crime in Victoria. They are not responsible for destroying city parks. They do not arbitrarily close roads or eliminated access for disabled. October is coming soon.,2022-04-11 15:26:10.797946,1512922085827354626,2022-04-09 22:35:08+00:00,3,0,2,0,Bruce55368227,204,Victoria Crime
77,"Join us in one hour for our true crime deep dive!
Thomas Kelly was an 18 year old from Sydney Australia who was victim to a random on-punch assault as he walked down Victoria Street in Kings Cross, on July 7th. He would never wake up from the attack. Link in replies! https://t.co/SYSLlUJiMo",2022-04-11 15:26:10.797946,1512881293595394058,2022-04-09 19:53:03+00:00,1,0,15,0,itsjoshuamiles,9314,Victoria Crime
78,"Dan worse then a wife abuser!

abusers the wife, deprive her of freinds and family, work ,food ,shelter, medical services, lock her up ,force experimental üí©, then buys her flowers üå∫ two years later

#Victoria #Melbourne
#LabourParty #VoteThemAllOut2022 
#GutlessAlbo #ausvotes https://t.co/CiFfG4vMO3 https://t.co/kAot72yRuK",2022-04-11 15:26:11.088845,1513596183687536641,2022-04-11 19:13:46+00:00,0,0,0,0,BrunoMini6,359,Victoria Shelter
79,"@gopisdirty @TommyD07868371 @LadyOfTheOcean1 @Synyster63 @ShellyRKirchoff @PridgeWessea @Silver_Strike @KsLiberal @Saggit95 @Vickie627 @Flattielover @Bigteethyouhave @Frdmlvr3691 @DaniTrump2020 @donnnie @akuscg @PalusoSonny @SpongebobBirth @TheDaveWeinbaum @BC_Missy @victoria_roark @NathanBronson7 @skeeduu @NatForTrump2024 @Jetson77 @PhilipEMSkinne1 @newsjunky2 @Kittie_Svengali @SaveThe_Ukraine @sd_usn @JoeBro20802650 @CunningMarshal @PeterBartholo14 @SuP3rK @NanetteDonnelly @VinceGottalotta @mmEyeNewMe @chriscr66024638 @RushvilleRockit @Sembrouthes @giddy_bunny @RonVarney3 @jeff77531528 @Emma34770971 @ItsBT50 @cbessex @CapJ2021 @gurleysgrl @GinniaDivinia @Annie20554592 According to CBP 163,000 encounters happened. The CBP says they catch less than 1/2 of the illegal crossers. How do you think they are all providing food and shelter for themselves?  They are either working or living off the taxpayers, or both. Tell me what is false!",2022-04-11 15:26:11.088845,1513293014717935618,2022-04-10 23:09:04+00:00,4,0,4,0,jerbear714,895,Victoria Shelter
80,Vita &amp; Victoria run a school turned shelter in recently liberated Hostomel. Russian soldiers occupied the upstairs while families slept in the basement. The women lived in daily fear but continued cooking‚ÄîWCK now brings meals &amp; food for people still staying here. #ChefsForUkraine https://t.co/ijDEwiJIuc,2022-04-11 15:26:11.088845,1513256610952589312,2022-04-10 20:44:25+00:00,11,6,1653,227,WCKitchen,248540,Victoria Shelter
81,"@Flight1917 Yes, he did that and truly showed who is is. My guess is with his church and $15,000,000 house, he could have offered shelter to many. But then, the carpet would get dirty and Victoria's hotel suite would be an inconvenience at best. https://t.co/fRE3Tl2BKM",2022-04-11 15:26:11.088845,1513209130760253442,2022-04-10 17:35:45+00:00,0,0,1,0,JEBF07,1952,Victoria Shelter
82,"Thanks to M.A. S. Group! They joined Leo States Ukraine and created a master plan for our project free of charge. The owner Victoria Ryabokon promised to do everything to build a quality shelter for people who are forced to start a new life üá∫üá¶

#leostatesukraine #refugee #ukraine https://t.co/8zIj9cxYCT",2022-04-11 15:26:11.088845,1513153339718082567,2022-04-10 13:54:03+00:00,0,0,0,0,LeoStatesUA,2,Victoria Shelter
83,"@DaniTrump2020 @PridgeWessea @VinceGottalotta @KsLiberal @Synyster63 @LadyOfTheOcean1 @Bigteethyouhave @Frdmlvr3691 @TommyD07868371 @Saggit95 @jerbear714 @Vickie627 @donnnie @ShellyRKirchoff @akuscg @gopisdirty @PalusoSonny @SpongebobBirth @TheDaveWeinbaum @BC_Missy @victoria_roark @NathanBronson7 @Silver_Strike @skeeduu @NatForTrump2024 @Jetson77 @PhilipEMSkinne1 @newsjunky2 @Kittie_Svengali @SaveThe_Ukraine @sd_usn @JoeBro20802650 @CunningMarshal @PeterBartholo14 @SuP3rK @NanetteDonnelly @mmEyeNewMe @chriscr66024638 @RushvilleRockit @Sembrouthes @giddy_bunny @RonVarney3 @jeff77531528 @Emma34770971 @ItsBT50 @cbessex @CapJ2021 @gurleysgrl @GinniaDivinia @Annie20554592 Exactly!  The drug problems, the mentally ill who are unable to care for themselves, our vets, and everyone else who can‚Äôt feed or shelter themselves.",2022-04-11 15:26:11.088845,1512962537360351233,2022-04-10 01:15:53+00:00,1,0,3,1,Flattielover,2294,Victoria Shelter
84,"Listen to the Language of the Trees by Tera Kelley &amp; art by @MarieHermansson 
Murder Among Friends by Candace Fleming
Sanctuary: Kip Tiernan and Rosie‚Äôs Place, the Nation‚Äôs First Shelter for Women by @cmcdonnellbooks  &amp; art by Victoria Tentler-Krylov",2022-04-11 15:26:11.088845,1512889059114471434,2022-04-09 20:23:54+00:00,1,0,1,0,JustTakesOne1,272,Victoria Shelter
85,"@Flattielover @Frdmlvr3691 @DaniTrump2020 @TommyD07868371 @Saggit95 @jerbear714 @Vickie627 @donnnie @LadyOfTheOcean1 @ShellyRKirchoff @akuscg @gopisdirty @PalusoSonny @SpongebobBirth @TheDaveWeinbaum @BC_Missy @victoria_roark @NathanBronson7 @Silver_Strike @Synyster63 @skeeduu @PridgeWessea @Bigteethyouhave @NatForTrump2024 @Jetson77 @PhilipEMSkinne1 @newsjunky2 @Kittie_Svengali @SaveThe_Ukraine @sd_usn @JoeBro20802650 @CunningMarshal @PeterBartholo14 @SuP3rK @NanetteDonnelly @VinceGottalotta @mmEyeNewMe @chriscr66024638 @RushvilleRockit @Sembrouthes @giddy_bunny @RonVarney3 @jeff77531528 @Emma34770971 @ItsBT50 @cbessex @CapJ2021 @gurleysgrl @GinniaDivinia @Annie20554592 It‚Äôs National Volunteer month and having volunteered at my shelter I can tell you‚Ä¶ they do not let you take them all home no matter how much you beg! 

Shelters got nailed at the end of the pandemic and they‚Äôd love the help! https://t.co/CCOpQjMBHS",2022-04-11 15:26:11.088845,1512850889383587840,2022-04-09 17:52:14+00:00,2,0,3,2,KsLiberal,538,Victoria Shelter
86,"@Frdmlvr3691 @DaniTrump2020 @TommyD07868371 @Saggit95 @jerbear714 @Vickie627 @donnnie @LadyOfTheOcean1 @ShellyRKirchoff @akuscg @gopisdirty @PalusoSonny @SpongebobBirth @TheDaveWeinbaum @BC_Missy @victoria_roark @NathanBronson7 @Silver_Strike @KsLiberal @Synyster63 @skeeduu @PridgeWessea @Bigteethyouhave @NatForTrump2024 @Jetson77 @PhilipEMSkinne1 @newsjunky2 @Kittie_Svengali @SaveThe_Ukraine @sd_usn @JoeBro20802650 @CunningMarshal @PeterBartholo14 @SuP3rK @NanetteDonnelly @VinceGottalotta @mmEyeNewMe @chriscr66024638 @RushvilleRockit @Sembrouthes @giddy_bunny @RonVarney3 @jeff77531528 @Emma34770971 @ItsBT50 @cbessex @CapJ2021 @gurleysgrl @GinniaDivinia @Annie20554592 My biggest disappointment is now that I have time, I don‚Äôt volunteer at our animal shelter.  I would love it, but can‚Äôt afford to support my weakness.  I would have more dogs than I could care for properly.  If I had lots of space, I would indulge.  We got ours 3 weeks ago.",2022-04-11 15:26:11.088845,1512841426115125249,2022-04-09 17:14:37+00:00,4,0,4,0,GFenburn,7,Victoria Shelter
87,@Laceybe52576557 @KtDales @coxey3492 @JClerides @JeanetteAshe @kennedystewart Queen Vic on 3rd is a couple of hundred meters from a supportive housing at 1st and Victoria and a homeless shelter.,2022-04-11 15:26:11.088845,1512832957358088192,2022-04-09 16:40:58+00:00,1,0,0,0,davidclowery,10742,Victoria Shelter
88,"Victoria State Bryant State Park GA, has a long wire with transformer and coax built into picnic shelter #1.  Not sure if you can see it from the photos. I can tune it down to 160m. #hamradio #POTA. Currently on 4OM https://t.co/VjAh2GCBKk",2022-04-11 15:26:11.088845,1512488867622014985,2022-04-08 17:53:41+00:00,3,0,11,2,LethLostPets,1037,Victoria Shelter
89,"Beige &amp; Grey Shih-tzu Dog FOUND at Victoria Park SOUTH - To claim, please call Shelter 403-320-4099 to make an appointment. Bring Proof of Ownership https://t.co/pTIJDH2Lpw Please RT #YQL https://t.co/RKPRyqEuPD",2022-04-11 15:26:11.088845,1512232738354438144,2022-04-08 00:55:55+00:00,0,0,0,1,fabandfamous1,129,Victoria Shelter
90,"@Adam_Stirling 2 things that struck me most that he said:

People who shelter in Victoria are treated TOO WELL, i.e., 2 meals a day delivered to tents. (The word is out)

99% of those sheltering are addicted.",2022-04-11 15:26:11.088845,1512167235736924160,2022-04-07 20:35:38+00:00,1,0,4,0,charmchris3,1933,Victoria Shelter
91,"@seancondev Living in Victoria, is like being in a relationship of domestic violence, Andrews decides who you can see &amp; when, intimidates, harrasses &amp; abuses, except this is one where there is no way to sever the relationship, no womens shelter, &amp; a relationship we never consented to.#RIPVIC",2022-04-11 15:26:11.088845,1512149162250293248,2022-04-07 19:23:49+00:00,0,0,4,2,DCN_Canada,8905,Victoria Shelter
92,".@IntervalHamOnt recently announced it has renamed its west Hamilton women‚Äôs shelter in honour of @LIUNA executive Victoria Mancinelli, citing her leadership on women‚Äôs empowerment in the community and her personal support and LIUNA‚Äôs for the shelter. https://t.co/oZ9C3RHURr https://t.co/HSHP1hLNSg",2022-04-11 15:26:11.088845,1512102915988766727,2022-04-07 16:20:03+00:00,0,0,12,4,JimMcMaster11,563,Victoria Shelter
93,"The Functional  Victoria Tunnel - a coal waggonway running under Newcastle Town Moor to the Tyne. Opened today 1842 transported coal, Pit to river. It changed function during the WWII when it was used a bomb shelter (see Civil Defence plan) #365in2022 @sonyaphotoart https://t.co/PHp7eJSLvt",2022-04-11 15:26:11.088845,1512044890162663427,2022-04-07 12:29:28+00:00,1,1,36,5,joansvoice,189,Victoria Shelter
94,"@CanadianTCpod Most of the world's Indigenous don't know their culture or speak their languages bcuz their conquerers offered no welfare, no food and no shelter. Cda's Indigenous were made wards of the Crown by Queen Victoria under the BNA so they would not starve.",2022-04-11 15:26:11.088845,1512012187954561024,2022-04-07 10:19:32+00:00,0,0,0,0,CKXS,3897,Victoria Shelter
95,"Local residents will once again have a chance to weigh in on the location of a new temporary emergency homeless shelter. 
It‚Äôs the second of two information sessions about the new site in the former Victoria Park public school on Murray St. 

READ MORE: https://t.co/NZAAgyq3Fu https://t.co/uJqe4rNrtf",2022-04-11 15:26:11.088845,1511672837601480704,2022-04-06 11:51:04+00:00,0,0,0,0,BeaconHillFolks,1074,Victoria Shelter
96,"People should know, with the Mats cut back. The shelters are full and turning people away. People now in Victoria have no option other than to shelter in tents.Until we have enough availability, we need to give them a safe place to do that.",2022-04-11 15:26:11.088845,1511532818215538689,2022-04-06 02:34:41+00:00,1,0,12,3,rajumudhar,4560,Victoria Shelter
97,Here's Victoria's great article that goes into more details about the issues here. https://t.co/ZBaL6PKN0k,2022-04-11 15:26:11.088845,1511442067599331328,2022-04-05 20:34:04+00:00,0,0,0,0,tpasengland,8227,Victoria Shelter
98,Thank you to @Simplicitly for bringing us together and @Victoria_Spratt for featuring our call along with @Shelter @GrenfellUnited @natfednews @hqn_news @jrf_uk and many more organisations calling for new social housing laws now. https://t.co/vdd0lUGbkq #ukhousing https://t.co/vm3ODj8Zy2,2022-04-11 15:26:11.088845,1511347450996527113,2022-04-05 14:18:06+00:00,0,0,7,4,Jules_2010,2138,Victoria Shelter
99,@seanygravy @Gemmaaniice still got tent city under the arndale or the spice statues around victoria ?,2022-04-11 15:26:11.277288,1513115781323759624,2022-04-10 11:24:49+00:00,0,0,0,0,pfin11,138,Victoria Tent
100,"Brooklyn and Nicola Peltz‚Äô wedding reception ‚Äì First dance, cocktail tent and Posh‚Äôs dress
https://t.co/cawkzKVIRl
David and Victoria Beckham‚Äôs eldest son Brooklyn, 23, has tied the knot with US actress and heiress Nicola Peltz, 27, [‚Ä¶]",2022-04-11 15:26:11.277288,1513096208302198784,2022-04-10 10:07:02+00:00,0,0,0,0,JInfo4us,2378,Victoria Tent
101,"@ourplacesociety My understanding is there is a mix of people at that encampment

There are those who failed out of housing

Those who are new to Victoria

And then there are housed people like Shea Smith trying to create a tent city

Now they're calling it the Vic High Village to avoid stigma",2022-04-11 15:26:11.277288,1512996261552525316,2022-04-10 03:29:53+00:00,0,0,2,0,CharlesBodi,719,Victoria Tent
102,"@visegrad24 Wow, Victoria Bonya needs to shop at Northwest Tent and Awning to get fitted for suitable attire. I understand why she can't find pants locally...",2022-04-11 15:26:11.277288,1512821570045050883,2022-04-09 15:55:43+00:00,0,0,0,0,bababooeeeeee,0,Victoria Tent
103,@BaeBellaU Ministry of health said tents worth billions were carried into l.victoria and no one saw them float!!! Atleast we saw the tent fly,2022-04-11 15:26:11.277288,1512498617264877569,2022-04-08 18:32:25+00:00,1,0,1,0,Hustleprez1,2300,Victoria Tent
104,Victoria sponge made by my six-year-old! Bake Off tent next?? https://t.co/oeAancZHbo,2022-04-11 15:26:11.277288,1512448420056862720,2022-04-08 15:12:57+00:00,0,0,4,0,london_raphael,163,Victoria Tent
105,Actually it‚Äôs an issue that allows you to charge the government of Canada $7 to deliver a meal to an empty tent that nobody else verifies before it gets eaten by wild animals and the empty container is collected by City of Victoria Parks staff after it blows around for a while. https://t.co/j6oDpvMLIR,2022-04-11 15:26:11.277288,1512238467324866564,2022-04-08 01:18:41+00:00,6,0,26,1,Adam_Stirling,9621,Victoria Tent
106,"Anyway, here‚Äôs material from the @CityOfVictoria‚Äôs confidential risk assessments where they were warned there should be public *panic alarms* in Beacon Hill because the tent city residents there were so violent. 

You can‚Äôt FOI this. I still got it. #yyj  https://t.co/xnjcw8Erjr https://t.co/RH9fC2jSkI",2022-04-11 15:26:11.277288,1512223042734211073,2022-04-08 00:17:23+00:00,1,0,12,1,CamraBSE,2423,Victoria Tent
107,"Our next branch open meeting is this Thursday (7 Apr) at 8pm at the Victoria Arms, Binfield (outside in a heated tent). To include our¬†branch¬†Pub of the Year announcement.¬†https://t.co/T2l4gUnrVC",2022-04-11 15:26:11.277288,1511257181118615552,2022-04-05 08:19:24+00:00,0,0,1,1,JusticeQueen6,1155,Victoria Tent
108,@Utwitily @STILLWATERSRU14 fredo if you ever find yourself in victoria bc go to a place called ferris oyster bar and you'll actually die from flavor overdose https://t.co/9gewNhV9Fc,2022-04-11 15:26:11.409136,1513216051705647104,2022-04-10 18:03:15+00:00,0,0,6,0,SneakyRoland,1991,Victoria Overdose
109,"Transcript from first British Columbia select standing committee on health and overdose crisis: https://t.co/wWe3Bw6f6U

#bcpoli
#bchealth",2022-04-11 15:26:11.409136,1511821077860651011,2022-04-06 21:40:07+00:00,0,0,0,1,JWestfall87,2065,Victoria Overdose
110,"@LanceMcWinters And at least until 2020 no discernible change in drug overdoses either in Victoria ‚Ä¶ sloppy, sloppy research Lance ü§£ü§£ü§£
https://t.co/vmnv6zc8x3",2022-04-11 15:26:11.409136,1511460571748581377,2022-04-05 21:47:36+00:00,1,1,0,0,JennyPickles1,206,Victoria Overdose
111,"Since #Budget2022 has locked in mass homelessness in Greater Victoria (and all of Canada), we're going to have to figure out a new approach to how the public, biz, &amp; govts interact with people who live in public spaces. https://t.co/hkbm1vTnO7",2022-04-11 15:26:11.606021,1513548187193131008,2022-04-11 16:03:02+00:00,0,0,5,0,NicoleChaland,1099,Greater Victoria Homelessness
112,"Every day, a dire shortage of homes for $550/month causes new inflows to homelessness &amp; prevents exits from homelessness.

#Budget2022 promises 6,000 homes at this rent for ALL OF CANADA. 

Meanwhile, Greater Victoria has a backlog shortage of  &gt;10,000 homes that cost $550/mo.",2022-04-11 15:26:11.606021,1512459595645538307,2022-04-08 15:57:22+00:00,1,0,10,5,_jeremy_sch,312,Greater Victoria Homelessness
113,"Protect yourself from identity thieves by taking part in @VicCrimeStop shredding event. All donations collected will go to help solve crimes in our community!

https://t.co/vH3DgYgt3u 

#communityevent #victoriaevents #bcevents #shreddingevent #shred #shredit",2022-04-11 15:26:11.884887,1512176518167887905,2022-04-07 21:12:31+00:00,0,0,0,0,BestShredding,325,Greater Victoria Crime
114,"@JeffBezos Great idea. We have 1000‚Äôs of government employees working from home here in #yyj and #yvr Spent millions on bike lanes for them to ride to work, that arent being used either. We should convert all that empty office space into homeless shelters.",2022-04-11 15:26:12.279201,1513389035556724736,2022-04-11 05:30:38+00:00,0,0,1,0,jpt16,370,YYJ Homeless
115,Homeless campers asked to leave development site near Vic High https://t.co/BEVibDBG2i via @timescolonist #yyj #homeless #compassionate?,2022-04-11 15:26:12.279201,1512898811772895232,2022-04-09 21:02:39+00:00,0,1,5,7,AndrewDuffyTC,395,YYJ Homeless
116,What if someone took your home and belongings everyday? That is homeless policy in some Canadian cities. This violation of #righttohousing is endorsed and funded by municipalities #yyj https://t.co/dg1rAlM5oP,2022-04-11 15:26:12.279201,1511928654917300225,2022-04-07 04:47:36+00:00,2,0,35,6,BerniePauly,3261,YYJ Homeless
117,"Victoria, BC: Newly wed and nearly homeless #yyj",2022-04-11 15:26:12.279201,1511856755382231045,2022-04-07 00:01:54+00:00,1,0,2,0,amywhitestripe,150,YYJ Homeless
118,"@PeersVictoria @red_cedar_cafe @WeAreNorthPark @pivotlegal @TAPSBC @TheBackPackPro1 @NoplacetogoNAN @OutreachSolid Fluid Land Title?
Fernwood Flats Homeless Camp #yyj 
@PeersVictoria @red_cedar_cafe @WeAreNorthPark @pivotlegal @TAPSBC @TheBackPackPro1 @NoplacetogoNAN @OutreachSolid #SocialHousingCrisis #poverty #housing https://t.co/9phWNVlpX5",2022-04-11 15:26:12.279201,1511521049141125128,2022-04-06 01:47:55+00:00,1,0,1,0,photowarrior,615,YYJ Homeless
119,Calling on #YYJ folks with lived and living experience of homelessness - join us for pizza and conversation to reconnect &amp; rebuild our monthly lunch meeting. Please share this poster to help us reach across the network! https://t.co/yuLtQy188O,2022-04-11 15:26:12.402515,1513607159610691586,2022-04-11 19:57:22+00:00,1,0,4,5,HomeForHope,3100,YYJ Homelessness
120,#yyj @bcndp @jjhorgan we need a rental freeze and a rental rollback to match the wages. Want to help end homelessness? Here is a good start. https://t.co/8EczmKuyUV,2022-04-11 15:26:12.402515,1512809158289997828,2022-04-09 15:06:24+00:00,0,0,0,0,EllieMaeWest666,144,YYJ Homelessness
121,"@PeersVictoria @red_cedar_cafe @WeAreNorthPark @pivotlegal @TAPSBC @TheBackPackPro1 @NoplacetogoNAN @OutreachSolid Fluid Land Title?
Fernwood Flats Homeless Camp #yyj 
@PeersVictoria @red_cedar_cafe @WeAreNorthPark @pivotlegal @TAPSBC @TheBackPackPro1 @NoplacetogoNAN @OutreachSolid #SocialHousingCrisis #poverty #housing https://t.co/9phWNVlpX5",2022-04-11 15:26:12.608191,1511521049141125128,2022-04-06 01:47:55+00:00,1,0,1,0,photowarrior,615,YYJ Poverty
122,"Central Saanich police are looking for someone who may recognize these materials...they were illegally dumped on a Central Saanich property sometime Sunday night. #YYJ

File Number: 2022-960
You may report information anonymously to Crime Stoppers or 250-652-4441. https://t.co/7LdDvv72dh",2022-04-11 15:26:12.729285,1511850976726204417,2022-04-06 23:38:56+00:00,1,0,2,5,cfax1070,25884,YYJ Crime
123,@victoriavisitor That was a 2016 stat. Way before #yyj‚Äôs crime index shot up to 168 in 2021 one of the highest rates in Canada.,2022-04-11 15:26:12.729285,1511478444860706816,2022-04-05 22:58:37+00:00,0,0,1,0,jpt16,370,YYJ Crime
124,And here in the #yyj region we could use more shelter from the rain! https://t.co/hhPYKYNHrI,2022-04-11 15:26:12.876629,1513615573921402883,2022-04-11 20:30:49+00:00,0,0,1,0,langfordvoters,156,YYJ Shelter
125,"Anyway, here‚Äôs material from the @CityOfVictoria‚Äôs confidential risk assessments where they were warned there should be public *panic alarms* in Beacon Hill because the tent city residents there were so violent. 

You can‚Äôt FOI this. I still got it. #yyj  https://t.co/xnjcw8Erjr https://t.co/RH9fC2jSkI",2022-04-11 15:26:13.005758,1512223042734211073,2022-04-08 00:17:23+00:00,1,0,12,1,Adam_Stirling,9621,YYJ Tent
126,Tent City at Vic High? I don't think that is a good idea.... #yyj #yyjpoli @Stephen_Andrew @Adam_Stirling,2022-04-11 15:26:13.005758,1512131664826159115,2022-04-07 18:14:17+00:00,0,0,0,0,scampden,669,YYJ Tent
127,"@CostaLaw To see a marked drop in demand - at least here in #yyj.  Same goes for overdose deaths - until the pandemic hit, we were seeing the first reductions in overdose numbers since the opioid crisis began.  CERB and isolation pushed those #‚Äôs back up 2/n",2022-04-11 15:26:13.151422,1513627705027137536,2022-04-11 21:19:01+00:00,1,0,0,0,dharmabrat,221,YYJ Overdose
128,She had to be transported to hospital for a possible drug overdose.  https://t.co/YP13ZEZjHR #victoriabuzz #yyj,2022-04-11 15:26:13.151422,1511767436638445569,2022-04-06 18:06:58+00:00,0,0,2,1,victoriabuzzes,20658,YYJ Overdose
129,"So ‚Ä¶ a tent Village at VicHigh? Stadacona Park? How many other spots/parks/streets, etc.? How many are in Topaz now? BHP? Etc.?",2022-04-11 15:26:14.684804,1512135708160393216,2022-04-07 18:30:21+00:00,3,0,1,0,Covid_Stinks,161,Topaz Park Tent
130,"@trubrest @vichighsd61 @CityOfVictoria @vicpdcanada @WeAreNorthPark @Adam_Stirling @Stephen_Andrew @BC_Housing That was Shea Smith, recently charged criminally for beating a homeless person to an inch of their life, sustaining permanent brain damage

He is also the reason for elevated risk areas in Beacon Hill Park",2022-04-11 15:26:14.943396,1512551618532634624,2022-04-08 22:03:02+00:00,2,0,4,2,CharlesBodi,719,Beacon Hill Park Homeless
131,"@Adam_Stirling The Beacon Hill Park stress is not over. This matter will be heard April 14 at 3:30 in Victoria. This is the time and place to offer peaceful support. 

https://t.co/R2EDcpRwp3 https://t.co/bYWnDqe9IR",2022-04-11 15:26:14.943396,1511400862798671873,2022-04-05 17:50:20+00:00,0,0,3,2,HelenZeilstra,52,Beacon Hill Park Homeless
132,"Fort Street at Stadacona‚Ä¶ 

Note well: a few of the well known campers from Beacon Hill are currently near Vic High, drawing up plans to build a new tent city in Stadacona Park (which was recently discussed at Council re a swing for wheelchairs). 

It‚Äôs election season‚Ä¶ #yyj",2022-04-11 15:26:15.530485,1511110930708381696,2022-04-04 22:38:15+00:00,5,0,18,2,Adam_Stirling,9621,Beacon Hill Park Tent
133,"https://t.co/MEmzBEvZSW
Now some dude wants 2 open a homeless shelter, without Christ as foundation?
@NorahODonnell @HollyMAWilliams @leylasantiago @LeahWx11 @KelseaBallerini @KaceyMusgraves @KamalaHarris @VP @MsLaurynHill I know I know less @fatbellybella",2022-04-11 15:26:15.738113,1513403455850823681,2022-04-11 06:27:56+00:00,1,0,0,0,shamma_tsava,5,Pandora Homeless
134,"Listening to Try by P!nk on @PandoraMusic @Pink
https://t.co/8TyAw7LtO4
üî•üî•üî•üî•üî•üî•üî•üî•üî•üî•üî•üî•üî• Whoever heard of being called a reject because you didn't want to be a homeless person so you get up and you go to work and TRY",2022-04-11 15:26:15.738113,1513219040759660544,2022-04-10 18:15:08+00:00,0,1,0,0,NicoleShivers7,7,Pandora Homeless
135,"@voguemagazine Did you ask her about:  
The money hidden in offshore accounts
Discussed the Pandora Papers
Their villa in Italy
Companies in her name 
Poor lady with food on her table, security, a house to live in while her citizens die, are homeless, hungry &amp; are scared
Really!!!!!",2022-04-11 15:26:15.738113,1512722178461999104,2022-04-09 09:20:47+00:00,0,0,1,0,HonuMahalo2,1,Pandora Homeless
136,"@ZelenskyyUa I'd rather buy Russian gas, oil, than be homeless. Poverty escapes us by exchanging all corrupt politicians who don't care about their nation What about corruption pandora peipers?https://t.co/ErhqmLcQhO",2022-04-11 15:26:15.738113,1512476000181006337,2022-04-08 17:02:33+00:00,0,0,0,0,TvFrankiefree,7,Pandora Homeless
137,"@Pandora_HasABox @longgoneblond Do you have any pics? There are still people who don‚Äôt know the scope of homelessness in the US

Every one who‚Äôs able please take a picture &amp; post it.",2022-04-11 15:26:15.845888,1512088920892354562,2022-04-07 15:24:26+00:00,1,0,2,0,CarlaRK3,11389,Pandora Homelessness
138,"@CharlesBodi @vichighsd61 @CityOfVictoria @vicpdcanada @WeAreNorthPark @Adam_Stirling @Stephen_Andrew @BC_Housing How many hundreds got housed from the #Courthouse encampment? How many hundreds got housed from #Topaz &amp; #Pandora? How many hundreds got housed from #BHP? We are in the thousands now, there are at least 100- 200 more to be housed. There is no end to this. Its a booming industry.",2022-04-11 15:26:15.956121,1512201693190008852,2022-04-07 22:52:33+00:00,2,0,10,0,jpt16,370,Pandora Encampment
139,"@theintercept @kenklippenstein How will #UAE üá¶üá™ being placed on the money laundering ""gray list"" affect #Russian oligarchs ü§î Ah, but Wall St. banks also use #Dubai as their regional HQ üôÑ @ICIJorg @DIFC @business #greed #corruption #poverty  https://t.co/Dbpr0xsav9.",2022-04-11 15:26:16.079256,1513372943459315713,2022-04-11 04:26:41+00:00,0,0,0,0,apb_52,24,Pandora Poverty
140,"@ZelenskyyUa I'd rather buy Russian gas, oil, than be homeless. Poverty escapes us by exchanging all corrupt politicians who don't care about their nation What about corruption pandora peipers?https://t.co/ErhqmLcQhO",2022-04-11 15:26:16.079256,1512476000181006337,2022-04-08 17:02:33+00:00,0,0,0,0,TvFrankiefree,7,Pandora Poverty
141,"Want to learn more about how to explore #PandoraPapers data?

ICIJ team members and our friends at @neo4j &amp; @Linkurious join forces for a webinar called ""The Pandora Papers: Exposing Financial Crime with Graph Technology"" on April 12.

Pick a session here: https://t.co/uVNMWFrGR5",2022-04-11 15:26:16.361327,1513547471540170759,2022-04-11 16:00:12+00:00,1,1,71,34,ICIJorg,301477,Pandora Crime
142,@Ikenna83252703 @bosahgibson2 @fvckgotti @Lugard_Tareotu @PeterObi Please don't misinform the public. Pandora issue is not about investing Anambra's funds in businesses he has interests in. The issue is about investing his own personal money in tax havens. It's a tax avoidance strategy which is not a crime by law.,2022-04-11 15:26:16.361327,1513498060286005248,2022-04-11 12:43:51+00:00,1,0,1,0,nonso_7,139,Pandora Crime
143,@social_frank161 @ReluctantCrypto @realGonzaloLira And Putin/his oligarchs are the richest men on the planet through straight-up organized crime. Tell me about Zelensky and the Pandora Papers. Please. I dare you.,2022-04-11 15:26:16.361327,1513466840827244548,2022-04-11 10:39:48+00:00,1,0,0,0,TravisHepburn,96,Pandora Crime
144,"@YasminMSNBC @JoyceWhiteVance @yasminv No one care that election is over with.
Do you ppl really want to rehash a rig election.
You better watch what you wish for.
This could be a Pandora box.
You angry Dems got away with the crime of the century rigging our election
destroying our democracy.
There is a lot to uncover",2022-04-11 15:26:16.361327,1513037467321921540,2022-04-10 06:13:37+00:00,0,0,0,0,Macdog43032188,41,Pandora Crime
145,"Let me say this again to all those concerned

Donald Trump is not going to jail, will not be charged with a crime and he will not be indicted. 

He may be guilty but, he is a former president, and Merrick Garland will not open that Pandora's box 

Nor will any other prosecutor.",2022-04-11 15:26:16.361327,1512993117879816200,2022-04-10 03:17:24+00:00,0,0,2,0,Lawrenc04764223,242,Pandora Crime
146,@calabrese_vero @CP24 Throwing someone in prison for denying an event is thought crime.  If some nutter wants to deny the moon is real what matters it?  And why only apply it to one historical event?  It would open Pandora‚Äôs box for locking people up over any thought expressed on the past,2022-04-11 15:26:16.361327,1512566126722621440,2022-04-08 23:00:41+00:00,0,0,1,0,JamieDuffDevOPs,71,Pandora Crime
147,Its a crime that theres not a dobby pandora charm :((,2022-04-11 15:26:16.361327,1512508828809666568,2022-04-08 19:13:00+00:00,0,0,2,0,ShaunyCurran_,717,Pandora Crime
148,"To my fellow true crime fans, you need to check our Dan Cummins Time Suck on Pandora. He‚Äôs a comedian and mixes in a little comedy with his podcasts. I love his. He doesn‚Äôt just do true crime but that‚Äôs what I listen to.",2022-04-11 15:26:16.361327,1512505811209183244,2022-04-08 19:01:01+00:00,0,0,0,0,BoomerThunder1,690,Pandora Crime
149,@Red3Biggs @suzseddon @SenseOf_OUTRAGE My goal wasn't to prove OP's point but to show she didn't make it up whole cloth (like the writers of Beyond Belief do). She's just using the information available. Here's an anti-organized crime site talking about his offshore habits. https://t.co/00YPUEivJK,2022-04-11 15:26:16.361327,1512447002910539785,2022-04-08 15:07:20+00:00,0,0,0,0,Lodane23,1193,Pandora Crime
150,"This week, John and Elliot unpack more from the Pandora Papers, with a focus on the gatekeepers and the weaknesses they create for financial crime prevention. Tune in now! https://t.co/v3wnsDCqq2",2022-04-11 15:26:16.361327,1512434318240620545,2022-04-08 14:16:55+00:00,0,0,0,0,AMLRightSrc,773,Pandora Crime
151,@BarkyNPoppy Do we not see the corruption? This was a plan Depopulation? A bioweapon unleashed onto the world. These individuals and associates must be brought to justice. Crime against humanity. The people deserve justice @SenTedCruz @RandPaul @GOP @PapiTrumpo. The pandora box is open.,2022-04-11 15:26:16.361327,1512429190230032388,2022-04-08 13:56:33+00:00,1,0,1,0,REALMCC85956386,513,Pandora Crime
152,"@tdubey @andrew_lilico Many people want MORE transparency. Surely transparency is sign of good &amp; confident democracy/govt/politician/business?

Why should people be able to hide dodgy behaviour just cos rich/powerful? 

Isn‚Äôt stuff like Pandora Papers (financial crime) or Wikileaks (war crimes) good?",2022-04-11 15:26:16.361327,1512408344866209799,2022-04-08 12:33:43+00:00,2,0,0,0,DutchieMartin,1071,Pandora Crime
153,"@mirawyi lmao this is normalization 101. Now that she has opened the pandora's box, would it be a crime to rape in the metaverse?",2022-04-11 15:26:16.361327,1512408112740769797,2022-04-08 12:32:47+00:00,2,0,1,0,haofuwei,1611,Pandora Crime
154,@FlavionsKimani @gerodouglas1 @NelsonHavi When did Pandora paper become a crime,2022-04-11 15:26:16.361327,1512322453493714947,2022-04-08 06:52:25+00:00,1,0,0,0,itsrealclintona,174,Pandora Crime
155,"@bayolondon @SaharaReporters If you are knowligeable enough, u will understand that he didn't commit any crime. The Pandora box claimed he evaded tax. Not that he stole money or embezzled money. He was smart enough to evade tax that's his crime.",2022-04-11 15:26:16.361327,1512304864252112899,2022-04-08 05:42:31+00:00,2,0,3,0,charleschizu,465,Pandora Crime
156,"@Pandora_HasABox @djosephdixon @colemankane @StaceySmithCCC @AftabPureval @cahoots_wbc Unfortunately, the data is a mixed bag on whether more police does in fact, reduce crime. Some studies say yes and some say no. I am not a big proponent of throwing more money at a social problem that has its roots in some other social problems, that never seems to work.",2022-04-11 15:26:16.361327,1512200155608588294,2022-04-07 22:46:27+00:00,0,0,0,0,politbogwitch,71,Pandora Crime
157,"@podbeancom If you like True Crime with not a ton of banter, but isn‚Äôt serious like Dateline- check us out!üíú Available everywhere except Pandora! #lnmp https://t.co/xxNiVFmofQ",2022-04-11 15:26:16.361327,1512183246863405056,2022-04-07 21:39:15+00:00,0,0,0,0,lnmurderpodcast,67,Pandora Crime
158,"@Jobvo If you like True Crime with not a ton of banter, but isn‚Äôt serious like Dateline- check us out!üíú Available everywhere except Pandora! #lnmp",2022-04-11 15:26:16.361327,1512183021537009664,2022-04-07 21:38:21+00:00,0,0,0,0,ChidinduAnosike,207,Pandora Crime
159,"@alhassa17869020 @Jack_ng01 Believe me if there was any crime in that Pandora stuff 
EFCC would have carried him already",2022-04-11 15:26:16.361327,1512114426391977989,2022-04-07 17:05:47+00:00,1,0,0,0,djosephdixon,127,Pandora Crime
160,"@Pandora_HasABox @colemankane @StaceySmithCCC @AftabPureval @cahoots_wbc @politbogwitch Definition of ‚Äúa waste of time‚Äù:
Arguing with someone who contends that police can‚Äôt stop violent crime and who last eeek was defending an act of violence on international TV.
You are simply a leftist code word vending machine.",2022-04-11 15:26:16.361327,1512057244615122955,2022-04-07 13:18:34+00:00,1,0,0,0,WatsonAlzwatson,4,Pandora Crime
161,"@cjfaison @cjfaison 
‚Ä¢Significant discovery 
‚Ä¢Pandora‚Äôs box 
‚Ä¢Ominous 
‚Ä¢Bizarre 
‚Ä¢Something of value 
‚Ä¢Awesome find 
‚Ä¢Undiscovered evidence/crime scene 
‚Ä¢Vital information 
‚Ä¢Missing link
‚Ä¢Reverent 
‚Ä¢Mysterious object
‚Ä¢Mystery box
‚Ä¢Spooky 
‚Ä¢Smoke screen 
‚Ä¢Devil in disguise",2022-04-11 15:26:16.361327,1511862464258150401,2022-04-07 00:24:35+00:00,0,0,0,0,NYCoruna,51,Pandora Crime
162,The case underscores how difficult it is to locate or freeze assets connected to Russian elites -- who outnumber other nationalities of elites who seek to shelter their assets in tax havens. https://t.co/2wYeDPV04t,2022-04-11 15:26:16.597427,1513587426249388043,2022-04-11 18:38:58+00:00,1,0,0,0,Julie_Vit,4334,Pandora Shelter
163,"@michaeldweiss &gt;Russians outnumber other nationalities on the lists of individuals who have turned to the law firms and financial advisers that cater to global elites seeking to shelter their assets in Panama, the Cayman Islands and other tax havens.https://t.co/aTgKaXoYaf",2022-04-11 15:26:16.597427,1513573384344461319,2022-04-11 17:43:10+00:00,0,0,0,0,badc0fee,181,Pandora Shelter
164,"https://t.co/MEmzBEvZSW
Now some dude wants 2 open a homeless shelter, without Christ as foundation?
@NorahODonnell @HollyMAWilliams @leylasantiago @LeahWx11 @KelseaBallerini @KaceyMusgraves @KamalaHarris @VP @MsLaurynHill I know I know less @fatbellybella",2022-04-11 15:26:16.597427,1513403455850823681,2022-04-11 06:27:56+00:00,1,0,0,0,shamma_tsava,5,Pandora Shelter
165,üéß Gimme Shelter (Remastered 2019) by @RollingStones on @PandoraMusic https://t.co/HUmuHpgLi3,2022-04-11 15:26:16.597427,1513149041961545730,2022-04-10 13:36:59+00:00,0,0,1,0,DakotaMangus3,9,Pandora Shelter
166,üéß Gimme Shelter (Mono) by The Rolling Stones on @PandoraMusic https://t.co/zJDP1FxpT8,2022-04-11 15:26:16.597427,1512953524044414982,2022-04-10 00:40:04+00:00,0,0,1,0,WadeDefy68,862,Pandora Shelter
167,"@Burgundavia @martynschmoll @cameronmaltby @Stephen_Andrew Most of what they talk about is what a certain councilor who I will not name goes off on tangents about.

Like when this person suggested taking resources from pre/post natal care to make them work in the shelter on Pandora",2022-04-11 15:26:16.597427,1512844217466294278,2022-04-09 17:25:43+00:00,1,0,0,0,TPP__9_,11,Pandora Shelter
168,üéß Gimme Shelter (Mono) by The Rolling Stones on @PandoraMusic https://t.co/kwAl3gTZsz,2022-04-11 15:26:16.597427,1512814984157356049,2022-04-09 15:29:33+00:00,0,0,0,0,KatrinaGAGirl,5980,Pandora Shelter
169,üéß Pale Shelter (2nd Single Version) by Tears For Fears on @PandoraMusic  https://t.co/fcZDxIil1a https://t.co/3cZUFiuEu2,2022-04-11 15:26:16.597427,1512783767076843521,2022-04-09 13:25:30+00:00,0,0,1,0,samieejdavis97,3,Pandora Shelter
170,üéß Gimme Shelter (Remastered 2019) by @RollingStones on @PandoraMusic https://t.co/UI1R7KWVQe,2022-04-11 15:26:16.597427,1512561152328355844,2022-04-08 22:40:55+00:00,0,0,0,0,moorela66180327,11111,Pandora Shelter
171,Wanted to listen to Temproary Home while I'm in this shelter but Pandora couldn't find it.,2022-04-11 15:26:16.597427,1512535491853225984,2022-04-08 20:58:57+00:00,0,0,0,0,lolachild,215,Pandora Shelter
172,üéß Stranger In A Strange Land (feat. The Shelter People) by Leon Russell on @PandoraMusic https://t.co/oJQTROjbvq,2022-04-11 15:26:16.597427,1512449177539776512,2022-04-08 15:15:58+00:00,0,0,0,0,kellens_mom,180,Pandora Shelter
173,@JuliaHB1 @LiveHazards He‚Äôs got a point. All the vids I‚Äôve seen are Russians given food and shelter to population. More arms mean the war is dragged out for longer and more civilian casualties. Please research Pandora papers.,2022-04-11 15:26:16.597427,1512343809358798848,2022-04-08 08:17:16+00:00,2,0,15,0,PoignantTails,271,Pandora Shelter
174,üéß Gimme Shelter (Mono) by The Rolling Stones on @PandoraMusic https://t.co/gmuN5UmFJy,2022-04-11 15:26:16.597427,1512265287462178819,2022-04-08 03:05:15+00:00,0,0,0,0,dianaaitchison,6535,Pandora Shelter
175,BAT UP TILL 2021 EXCEPT YOU HAVE MISSED YOUR RATION TODAY OR YOU HAVE TAKEN OVERDOSE OF YOUR DRUGS ELSE HAVE YOU EVER SEEN BLOOD ON THE LIPS OF WITCHCRAFT HOWEVER I HAVE NEVER SEEN NOR HAVE THE KIND PANDORA PAPERS WITH YOU AS THERE WAS NO PANDORA PAPERS ISSUED CONCERNING ALL YOUR https://t.co/3iSVczhlAK,2022-04-11 15:26:16.794273,1512768024918601735,2022-04-09 12:22:57+00:00,1,0,0,0,olusegunakanbiB,798,Pandora Overdose
176,@ken_akehurst @DubeJohnr @LibbySchaaf @mayoroflasvegas Getting mad at people from Vegas for pointing out oaklands homeless problem and not the people you put in office who's job it is to fix the homeless problem sounds about right for oakland...,2022-04-11 15:26:16.898116,1512447228660441090,2022-04-08 15:08:13+00:00,0,0,3,0,TenbagToni,73,Oaklands Homeless
177,@lorenmtaylor @LaTondaSimmons There WILL be a political reckoning over the City‚Äôs gaslighting of Oaklands neighbors about the EMP and overall lack of accountability to address our encampment crisis from the City.,2022-04-11 15:26:17.074554,1512075686084636672,2022-04-07 14:31:51+00:00,0,0,1,1,BigSen21,286,Oaklands Encampment
178,Whack &gt;&gt;&gt; Man killed in 'heinous crime' by Oakland's Lake Merritt ID'd https://t.co/DgsZ2EN4sB,2022-04-11 15:26:17.268217,1512658965586673665,2022-04-09 05:09:35+00:00,0,0,0,0,dj_ready,1678,Oaklands Crime
179,"Man killed in 'heinous crime' by Oakland's Lake Merritt ID'd

https://t.co/NR8nQXUmBk",2022-04-11 15:26:17.268217,1512430499058241545,2022-04-08 14:01:45+00:00,0,0,0,1,mts007,498,Oaklands Crime
180,"Man killed in 'heinous crime' by Oakland's Lake Merritt ID'd

https://t.co/qNJWMLWzx1",2022-04-11 15:26:17.268217,1512428763446841347,2022-04-08 13:54:51+00:00,0,0,0,0,RoGonzalesTV,4832,Oaklands Crime
181,"@montefisto13 @CharleneLimaRI @RI2APAC @Uprise_Greg @ethangy @TedNesi They actually did. Oakland cut $14M from its police budget in June 2020 and another $15M in Dec 2020. They've subsequently refunded most of the cuts in the face of rising crime.

https://t.co/GCpjyvBr3h",2022-04-11 15:26:17.268217,1512263670062989318,2022-04-08 02:58:50+00:00,1,0,0,0,Match_Analysis,4239,Oaklands Crime
182,[NSW] 'Family Caseworker' required by 'Wesley Mission' in Fairfield. Join our small team of caseworkers assisting families experiencing homelessness or homeless-risk in West and South West Sydney. See more and apply at: https://t.co/B9ipRhc8VN #Caseworker #ChristianJobs,2022-04-11 15:26:17.617769,1511509064831930369,2022-04-06 01:00:18+00:00,1,0,0,2,ChristianJobsAU,4361,Fairfield Homeless
183,"From our Warming Center to our Permanent Supportive Housing Program! Brian with the help of Y case worker, PJ, got keys for his new unit in the Fairfield Apartments! Help us, help others! Walk with us on May 21 in our 21st Walk to End Homelessness. Details on web site. https://t.co/7BdIIqoouj",2022-04-11 15:26:17.752218,1512129339537645568,2022-04-07 18:05:03+00:00,0,0,1,0,AlphaCServices,47,Fairfield Homelessness
184,Jonathan has keys to a new home at our Fairfield Apartments! We met him at our South End Community Center Warming Center. We helped him obtain the paperwork to successfully transfer Y Permanent Supportive Housing. Support our work! Join our May 21 Walk to End Homelessness! https://t.co/ItJxTB2lVl,2022-04-11 15:26:17.752218,1511811495679733761,2022-04-06 21:02:03+00:00,0,0,3,1,CCCYMCA,1539,Fairfield Homelessness
185,[NSW] 'Family Caseworker' required by 'Wesley Mission' in Fairfield. Join our small team of caseworkers assisting families experiencing homelessness or homeless-risk in West and South West Sydney. See more and apply at: https://t.co/B9ipRhc8VN #Caseworker #ChristianJobs,2022-04-11 15:26:17.752218,1511509064831930369,2022-04-06 01:00:18+00:00,1,0,0,2,ChristianJobsAU,4361,Fairfield Homelessness
186,"EDUCATING THE COMMUNITY: Pacific House's Homelessness &amp; Health Week is spreading awareness in Fairfield. 
https://t.co/piFHFCYiTS",2022-04-11 15:26:17.752218,1511408069720387587,2022-04-05 18:18:59+00:00,0,0,0,0,News12CT,96184,Fairfield Homelessness
187,"Juvenile Justice Panel Addresses Root Causes &amp; Prevention of Youth Crime

Read full story &amp; watch recording here: https://t.co/1s2W1LWLKV
#JuvenileJustice #YouthJusticeAwareness https://t.co/QjQF7YQyBU",2022-04-11 15:26:18.197764,1513608135570862087,2022-04-11 20:01:15+00:00,0,0,1,1,TowYouth,443,Fairfield Crime
188,"A single-car wreck Sunday resulted in the arrests of two Fairfield men and a felony drunken driving allegation, according to the CHP. https://t.co/pwc4lbxUD9",2022-04-11 15:26:18.197764,1513603812682088452,2022-04-11 19:44:04+00:00,0,0,1,0,NapaRegister,33999,Fairfield Crime
189,Name: Ricky Stuart Deacon ‚Ä¢ City: Fairfield ‚Ä¢ Date: 12/10/16 ‚Ä¢ Cause of Death: Vehicle ‚Ä¢ Report: https://t.co/bZ9M1GbLXV,2022-04-11 15:26:18.197764,1513158374325641218,2022-04-10 14:14:04+00:00,0,0,0,0,the_decedents,99,Fairfield Crime
190,Juvenile justice panel addresses the root causes and prevention of youth crime. https://t.co/dwzofdamCl https://t.co/TZNrqwjHj5,2022-04-11 15:26:18.197764,1512822719158571008,2022-04-09 16:00:17+00:00,0,0,0,0,Fairfield_HH,1596,Fairfield Crime
191,"@blukas9776 @JLeishae @JoyceWhiteVance She probably had a reason to call them ""Uncle Tom"". Everybody in Birmingham, Alabama does not experience crime.
What about the other majority black cities in metro Birmingham...Bessemer, Fairfield, Midfield, Tarrant, Center Point, Brighton, etc.?
What is their crime rate??",2022-04-11 15:26:18.197764,1512773421259792390,2022-04-09 12:44:24+00:00,1,0,1,1,NufocusfromBham,540,Fairfield Crime
192,"The ball is rolling forward again for the Fairfield teens charged with murdering their teacher in November:
https://t.co/fQd1BBeNw9 @DMRegister",2022-04-11 15:26:18.197764,1512566241579646977,2022-04-08 23:01:08+00:00,0,0,2,0,DMRMorris,1407,Fairfield Crime
193,"Fairfield Police will host its annual National Drug Take Back Day on Saturday, April 30, 2022, 10 AM to 2 PM, at parking lot next to City Hall.

For more information, visit https://t.co/v4OiENvQVm or contact Fairfield PD Crime Prevention at (707) 428-7789.
#weservefairfieldca https://t.co/14NY98ZaVg",2022-04-11 15:26:18.197764,1512551318216392706,2022-04-08 22:01:50+00:00,0,0,2,2,cityoffairfield,790,Fairfield Crime
194,Fairfield teens‚Äô appeals declined | The Gazette #RipNohemaGraber  https://t.co/YQsDLEBymA,2022-04-11 15:26:18.197764,1512475134409379840,2022-04-08 16:59:07+00:00,0,0,1,1,KillerKidsPod,6328,Fairfield Crime
195,Two teenagers accused of killing a Fairfield high school Spanish teacher in had their appeals declined by the Iowa Supreme Court Thursday. https://t.co/YID5IuDUDo,2022-04-11 15:26:18.197764,1512200312819490816,2022-04-07 22:47:04+00:00,0,0,1,0,gazettedotcom,55501,Fairfield Crime
196,"The Iowa Supreme Court has denied appeals from the two Fairfield teens accused of killing their Spanish teacher, who were asking for a hearing to remain closed to the public and for an attachment to be sealed.  https://t.co/AaICgkCLsD",2022-04-11 15:26:18.197764,1512199633069608971,2022-04-07 22:44:22+00:00,0,0,1,0,KWWL,65609,Fairfield Crime
197,"Hey, @astros &amp; @OrbitAstros can you help the Fairfield Astros little league baseball team?? They witnessed a carjacking at gunpoint during practice. The coach tells me the kids are now scared to play ball! Anything you can do to help get their mind off this violent crime??
@KHOU https://t.co/AlRKNmjwvT",2022-04-11 15:26:18.197764,1511817583846113294,2022-04-06 21:26:14+00:00,0,4,6,5,AnayeliNews,4245,Fairfield Crime
198,"This video is just wild! Thank goodness that good Samaritan was in the right place at the right time. #KHOU11
https://t.co/BrWSGPkzSZ",2022-04-11 15:26:18.197764,1511713913804623875,2022-04-06 14:34:17+00:00,0,0,1,1,BrandiKHOU,14472,Fairfield Crime
199,"Two men have been arrested after a woman was carjacked at gunpoint while she was watching her son play little league Monday night in the Fairfield Cypress area, according to the sheriff's office. https://t.co/lNsfo7LkLp",2022-04-11 15:26:18.197764,1511711575043973134,2022-04-06 14:25:00+00:00,0,2,5,2,KHOU,752953,Fairfield Crime
200,Crime up thanks democrats  HCSO: Two men arrested after allegedly carjacking woman at gunpoint during little league practice https://t.co/lRMilwvv4C via @KHOU,2022-04-11 15:26:18.197764,1511684441847959558,2022-04-06 12:37:11+00:00,0,0,0,0,OurRightsCount,1172,Fairfield Crime
201,"https://t.co/cIBsRPlzw2
They will be murderers soon! #cypressTx",2022-04-11 15:26:18.197764,1511575570433417218,2022-04-06 05:24:34+00:00,0,0,0,0,TxtPublic,2,Fairfield Crime
202,"EXCLUSIVE VIDEO: A surveillance camera caught a carjacking suspect crashing a stolen SUV into a sign in the Fairfield Cypress area. @AnayeliNews¬†

STORY: https://t.co/lNsfo7LkLp https://t.co/IHcSk1I6Hs",2022-04-11 15:26:18.197764,1511528906209345536,2022-04-06 02:19:08+00:00,1,1,10,4,thaiparampil,1513,Fairfield Crime
203,HCSO: Two men arrested after allegedly carjacking woman at gunpoint during little league practice The suspects have been arrested thanks to a good Samaritan that followed them after the car was stolen. https://t.co/CtpTv3gEcb,2022-04-11 15:26:18.197764,1511517734319927301,2022-04-06 01:34:45+00:00,0,0,0,0,MossMom319,1897,Fairfield Crime
204,"Vote now for the National Unsung Hero https://t.co/Dg7poPk60l 
Please vote for my shero Samira and the Fairfield County Animal Shelter!",2022-04-11 15:26:18.360757,1512077107131691015,2022-04-07 14:37:30+00:00,0,0,0,0,NolaArmstrong,512,Fairfield Shelter
205,@worlockandrea ‚ô•Ô∏è thanks for voting 4 Sam volunteer animal rescue coordinator at Fairfield County SC shelter so shelter might win $25K to help more pets! üêæ ALL Follo @BoxerRescueVT n kindly retweet @BikerBunnyD orig post with Vote page link so More People See it &amp; vote 4 Sam. TY,2022-04-11 15:26:18.360757,1512053402137763847,2022-04-07 13:03:18+00:00,0,0,1,1,BoxerRescueVT,1669,Fairfield Shelter
206,"@BikerBunnyD @JamesMc89631483 @LilBunnyFooFo15 @LilacMoon_8 @k9ProtectLeague @ElizGriff2016 @kimgal66 @47angb @TinyIsLove @WokeChiweenie @duckusa PLEASE RETWEET SO MORE PPL SEE &amp; CAN VOTE FOR SAM! $25,000 GRANT TO FAIRFIELD COUNTY SHELTER IF SHE WINS! Please Retweet... LIKES WONT SPREAD WORD, RETWEETS GET POST SEEN=ACTION. Thank you.",2022-04-11 15:26:18.360757,1512044439778344970,2022-04-07 12:27:41+00:00,1,0,2,2,kmygly,692,Fairfield Shelter
207,#Autopsy: Woman found at end of #Fairfield driveway last #summer died of accidental overdo - Apr 6 @ 3:43 PM ET https://t.co/h5AibURau6,2022-04-11 15:26:18.631738,1511792475668729859,2022-04-06 19:46:28+00:00,0,0,0,0,PulpNews,5228,Fairfield Overdose
208,"Fairfield woman found dead in August died of accidental overdose, police say   https://t.co/AySW58OFAA",2022-04-11 15:26:18.631738,1511784656626233357,2022-04-06 19:15:24+00:00,0,0,0,0,KJ_Online,11183,Fairfield Overdose
209,"Kylee Phillips, 21, was found unresponsive at the end of a Martin Stream Road driveway at about 2:43 p.m. on Aug. 25.

https://t.co/c1DlJTZWXt",2022-04-11 15:26:18.631738,1511776430169989122,2022-04-06 18:42:43+00:00,0,0,0,0,bangordailynews,98460,Fairfield Overdose
210,"Kylee Phillips, 21, was found unresponsive at the end of a driveway on Aug. 25 and investigators at the time weren't certain how she died.

https://t.co/AWUmBAYzy9",2022-04-11 15:26:18.631738,1511773231056928768,2022-04-06 18:30:00+00:00,0,0,0,0,OnlineSentinel,8117,Fairfield Overdose
