,Unnamed: 0,text,scrape_time,tweet_id,created_at,reply_count,quote_count,like_count,retweet_count,username,num_followers,keywords,sentiment,score
0,0,@HomeForHope @BurnsideGorge I am #homeowner #widow in @saanich had my in trust privateproperty stolen https://t.co/KX9QNPdFag by @cibc @BCProvCourt @David_eby every dime embezzled by @bcndp now #extremepoverty homeless/forced into prostitution. 1st act of #genocide against family/son https://t.co/u7LPS12QS0,2022-04-10 13:54:16.954377,1513216985059913730,2022-04-10 18:06:58+00:00,0,0,0,0,HatedByBCgovt,20,Victoria Homeless,Negative,0.377482533454895
1,1,"Had loads of yellow sticker mushrooms and a yellow sticker beef joint - so today the homeless couple ate Beef and Mushroom Stroganoff, with rice‚Ä¶followed by gluten free (yellow sticker) Victoria sponge and custard.  In these shitty times it makes me happy I can do a tiny bit 1/2",2022-04-10 13:54:16.954377,1513201687476981762,2022-04-10 17:06:10+00:00,1,0,8,0,brightsider123,12507,Victoria Homeless,Negative,0.3491257429122925
2,2,"@george_pattons @gopisdirty @PeterBartholo14 @DaniTrump2020 @Randomwatcher51 @Bad_Boy_Jesus @Mountain_Buddy @jerbear714 @Vickie627 @LadyOfTheOcean1 @fukit32 @Bigteethyouhave @PridgeWessea @Flattielover @akuscg @Synyster63 @KsLiberal @Frdmlvr3691 @TommyD07868371 @Saggit95 @donnnie @ShellyRKirchoff @PalusoSonny @SpongebobBirth @TheDaveWeinbaum @BC_Missy @victoria_roark @NathanBronson7 @Silver_Strike @skeeduu @NatForTrump2024 @Jetson77 @PhilipEMSkinne1 @newsjunky2 @Kittie_Svengali @SaveThe_Ukraine @sd_usn @JoeBro20802650 @CunningMarshal @SuP3rK @NanetteDonnelly @VinceGottalotta @mmEyeNewMe @chriscr66024638 @RushvilleRockit @Sembrouthes @giddy_bunny @RonVarney3 @jeff77531528 @Emma34770971 Taxes
Criminals released 
Crime wave
Hunter
Covid deaths skyrocket
Homeless population growing
The red tsunami",2022-04-10 13:54:16.954377,1513164066654765062,2022-04-10 14:36:41+00:00,2,0,3,2,EndZonerBoner,261,Victoria Homeless,Negative,0.3715180456638336
3,3,"Meanwhile in victoria‚Äôs  momo world üåé 
Homeless diary in Europe!
My friend is sleeping and I don‚Äôt have the keys üîë waiting  for a miracle and she woke up soon  7 am local time 
Sunday fun day #NFTCommmunity https://t.co/lo2jJyicac",2022-04-10 13:54:16.954377,1513070799359561728,2022-04-10 08:26:04+00:00,1,0,2,0,victoriacitro,3725,Victoria Homeless,Negative,0.35054782032966614
4,4,"Great news

I scored a perfect 10.0 on Twitter today

I defended BIPOC, advocated for the homeless, made our community better, school #brWOKEn idiots, educated the Bicycle Lobby and blocked Together Victoria trolls https://t.co/z0YGPvElDA",2022-04-10 13:54:16.954377,1512994372270243840,2022-04-10 03:22:23+00:00,1,0,8,0,CharlesBodi,722,Victoria Homeless,Negative,0.405538946390152
5,5,@EndZonerBoner @LadyOfTheOcean1 @Flattielover @DaniTrump2020 @Synyster63 @KsLiberal @Bigteethyouhave @Frdmlvr3691 @TommyD07868371 @Saggit95 @jerbear714 @donnnie @ShellyRKirchoff @akuscg @gopisdirty @PalusoSonny @SpongebobBirth @TheDaveWeinbaum @BC_Missy @victoria_roark @NathanBronson7 @Silver_Strike @skeeduu @PridgeWessea @NatForTrump2024 @Jetson77 @PhilipEMSkinne1 @newsjunky2 @Kittie_Svengali @SaveThe_Ukraine @sd_usn @JoeBro20802650 @CunningMarshal @PeterBartholo14 @SuP3rK @NanetteDonnelly @VinceGottalotta @mmEyeNewMe @chriscr66024638 @RushvilleRockit @Sembrouthes @giddy_bunny @RonVarney3 @jeff77531528 @Emma34770971 @ItsBT50 @cbessex @CapJ2021 @gurleysgrl @GinniaDivinia Yes it is hateful. They‚Äôre being treated very badly in Tijuana. They are homeless in Tijuana,2022-04-10 13:54:16.954377,1512985418043564034,2022-04-10 02:46:48+00:00,1,0,1,0,Vickie627,6124,Victoria Homeless,Negative,0.3805294334888458
6,6,"@Vickie627 @LadyOfTheOcean1 @Flattielover @DaniTrump2020 @Synyster63 @KsLiberal @Bigteethyouhave @Frdmlvr3691 @TommyD07868371 @Saggit95 @jerbear714 @donnnie @ShellyRKirchoff @akuscg @gopisdirty @PalusoSonny @SpongebobBirth @TheDaveWeinbaum @BC_Missy @victoria_roark @NathanBronson7 @Silver_Strike @skeeduu @PridgeWessea @NatForTrump2024 @Jetson77 @PhilipEMSkinne1 @newsjunky2 @Kittie_Svengali @SaveThe_Ukraine @sd_usn @JoeBro20802650 @CunningMarshal @PeterBartholo14 @SuP3rK @NanetteDonnelly @VinceGottalotta @mmEyeNewMe @chriscr66024638 @RushvilleRockit @Sembrouthes @giddy_bunny @RonVarney3 @jeff77531528 @Emma34770971 @ItsBT50 @cbessex @CapJ2021 @gurleysgrl @GinniaDivinia No, it's not hateful, when you see what happens to them here. Compassion isn't taking someone in so they can be mistreated, homeless, and used by people at the day labor corral. It's actually more cruel.",2022-04-10 13:54:16.954377,1512976217716236303,2022-04-10 02:10:14+00:00,2,0,1,1,PridgeWessea,1466,Victoria Homeless,Negative,0.380107581615448
7,7,@EndZonerBoner @LadyOfTheOcean1 @Flattielover @DaniTrump2020 @Synyster63 @KsLiberal @Bigteethyouhave @Frdmlvr3691 @TommyD07868371 @Saggit95 @jerbear714 @Vickie627 @donnnie @ShellyRKirchoff @akuscg @gopisdirty @PalusoSonny @SpongebobBirth @TheDaveWeinbaum @BC_Missy @victoria_roark @NathanBronson7 @Silver_Strike @skeeduu @NatForTrump2024 @Jetson77 @PhilipEMSkinne1 @newsjunky2 @Kittie_Svengali @SaveThe_Ukraine @sd_usn @JoeBro20802650 @CunningMarshal @PeterBartholo14 @SuP3rK @NanetteDonnelly @VinceGottalotta @mmEyeNewMe @chriscr66024638 @RushvilleRockit @Sembrouthes @giddy_bunny @RonVarney3 @jeff77531528 @Emma34770971 @ItsBT50 @cbessex @CapJ2021 @gurleysgrl @GinniaDivinia But you don‚Äôt do about the homeless anyway except bitch that they‚Äôre there.,2022-04-10 13:54:16.954377,1512970727770636290,2022-04-10 01:48:25+00:00,1,0,0,0,GFenburn,6,Victoria Homeless,Negative,0.37969040870666504
8,8,"@Vickie627 @LadyOfTheOcean1 @Flattielover @DaniTrump2020 @Synyster63 @KsLiberal @Bigteethyouhave @Frdmlvr3691 @TommyD07868371 @Saggit95 @jerbear714 @donnnie @ShellyRKirchoff @akuscg @gopisdirty @PalusoSonny @SpongebobBirth @TheDaveWeinbaum @BC_Missy @victoria_roark @NathanBronson7 @Silver_Strike @skeeduu @PridgeWessea @NatForTrump2024 @Jetson77 @PhilipEMSkinne1 @newsjunky2 @Kittie_Svengali @SaveThe_Ukraine @sd_usn @JoeBro20802650 @CunningMarshal @PeterBartholo14 @SuP3rK @NanetteDonnelly @VinceGottalotta @mmEyeNewMe @chriscr66024638 @RushvilleRockit @Sembrouthes @giddy_bunny @RonVarney3 @jeff77531528 @Emma34770971 @ItsBT50 @cbessex @CapJ2021 @gurleysgrl @GinniaDivinia Interesting that you say that. 

I'm not right-wing. I just left the left, like many are doing every day lately. 

You're more into the cruelty of being in a strange land and homeless, with no support...in colder temps than they're used to, getting ripped off at day labor. üëç",2022-04-10 13:54:16.954377,1512967458633658372,2022-04-10 01:35:26+00:00,3,0,2,1,Andrewj60215382,3,Victoria Homeless,Negative,0.38219743967056274
9,9,"@LadyOfTheOcean1 @Vickie627 @Flattielover @DaniTrump2020 @Synyster63 @KsLiberal @Bigteethyouhave @Frdmlvr3691 @TommyD07868371 @Saggit95 @jerbear714 @donnnie @ShellyRKirchoff @akuscg @gopisdirty @PalusoSonny @SpongebobBirth @TheDaveWeinbaum @BC_Missy @victoria_roark @NathanBronson7 @Silver_Strike @skeeduu @PridgeWessea @NatForTrump2024 @Jetson77 @PhilipEMSkinne1 @newsjunky2 @Kittie_Svengali @SaveThe_Ukraine @sd_usn @JoeBro20802650 @CunningMarshal @PeterBartholo14 @SuP3rK @NanetteDonnelly @VinceGottalotta @mmEyeNewMe @chriscr66024638 @RushvilleRockit @Sembrouthes @giddy_bunny @RonVarney3 @jeff77531528 @Emma34770971 @ItsBT50 @cbessex @CapJ2021 @gurleysgrl @GinniaDivinia The homeless illegals around here are suffering. It's not like every one of them has a family to stay with here. Then the homeless sweeps happen and their belongings are taken for sanitary reasons, and they're given a ticket that they can't pay.",2022-04-10 13:54:16.954377,1512926357948612610,2022-04-09 22:52:07+00:00,0,1,3,0,niMUSHIN,1859,Victoria Homeless,Negative,0.37994715571403503
10,10,"@LadyOfTheOcean1 @Flattielover @Synyster63 @KsLiberal @Bigteethyouhave @Frdmlvr3691 @DaniTrump2020 @TommyD07868371 @Saggit95 @jerbear714 @Vickie627 @donnnie @ShellyRKirchoff @akuscg @gopisdirty @PalusoSonny @SpongebobBirth @TheDaveWeinbaum @BC_Missy @victoria_roark @NathanBronson7 @Silver_Strike @skeeduu @PridgeWessea @NatForTrump2024 @Jetson77 @PhilipEMSkinne1 @newsjunky2 @Kittie_Svengali @SaveThe_Ukraine @sd_usn @JoeBro20802650 @CunningMarshal @PeterBartholo14 @SuP3rK @NanetteDonnelly @VinceGottalotta @mmEyeNewMe @chriscr66024638 @RushvilleRockit @Sembrouthes @giddy_bunny @RonVarney3 @jeff77531528 @Emma34770971 @ItsBT50 @cbessex @CapJ2021 @gurleysgrl @GinniaDivinia Jen Psaki has already confirmed the phones. It's only a matter of time before the rest comes out. 

We have plenty of workers. We need the jobs and pipeline opened back up.

It's more cruel to have them homeless here, where they don't know anyone at all.",2022-04-10 13:54:16.954377,1512921806923042821,2022-04-09 22:34:02+00:00,1,0,3,1,Covid_Stinks,161,Victoria Homeless,Negative,0.38488203287124634
11,11,"@LadyOfTheOcean1 @Flattielover @DaniTrump2020 @Synyster63 @KsLiberal @Bigteethyouhave @Frdmlvr3691 @TommyD07868371 @Saggit95 @jerbear714 @Vickie627 @donnnie @ShellyRKirchoff @akuscg @gopisdirty @PalusoSonny @SpongebobBirth @TheDaveWeinbaum @BC_Missy @victoria_roark @NathanBronson7 @Silver_Strike @skeeduu @PridgeWessea @NatForTrump2024 @Jetson77 @PhilipEMSkinne1 @newsjunky2 @Kittie_Svengali @SaveThe_Ukraine @sd_usn @JoeBro20802650 @CunningMarshal @PeterBartholo14 @SuP3rK @NanetteDonnelly @VinceGottalotta @mmEyeNewMe @chriscr66024638 @RushvilleRockit @Sembrouthes @giddy_bunny @RonVarney3 @jeff77531528 @Emma34770971 @ItsBT50 @cbessex @CapJ2021 @gurleysgrl @GinniaDivinia Sorry, people should remain in Mexico until they have gone through the process. Charity begins at home, and we have too many who are struggling and homeless.

I'm amazed at how many Hispanic homeless are in a city nearby. Many illegals who come here end up that way.",2022-04-10 13:54:16.954377,1512919518477271040,2022-04-09 22:24:56+00:00,5,0,8,3,EpilepsyRUK,14019,Victoria Homeless,Negative,0.3803086280822754
12,12,@LadyOfTheOcean1 @Flattielover @Synyster63 @KsLiberal @Bigteethyouhave @Frdmlvr3691 @DaniTrump2020 @TommyD07868371 @Saggit95 @jerbear714 @Vickie627 @donnnie @ShellyRKirchoff @akuscg @gopisdirty @PalusoSonny @SpongebobBirth @TheDaveWeinbaum @BC_Missy @victoria_roark @NathanBronson7 @Silver_Strike @skeeduu @PridgeWessea @NatForTrump2024 @Jetson77 @PhilipEMSkinne1 @newsjunky2 @Kittie_Svengali @SaveThe_Ukraine @sd_usn @JoeBro20802650 @CunningMarshal @PeterBartholo14 @SuP3rK @NanetteDonnelly @VinceGottalotta @mmEyeNewMe @chriscr66024638 @RushvilleRockit @Sembrouthes @giddy_bunny @RonVarney3 @jeff77531528 @Emma34770971 @ItsBT50 @cbessex @CapJ2021 @gurleysgrl @GinniaDivinia The cruel part is allowing them to come here and have a free phone and a stipend while parks and underpasses and lakes and empty fields are filling up with the homeless.,2022-04-10 13:54:16.954377,1512908375364976648,2022-04-09 21:40:39+00:00,1,0,0,0,ShellyRKirchoff,17942,Victoria Homeless,Negative,0.3847556710243225
13,13,@Laceybe52576557 @KtDales @coxey3492 @JClerides @JeanetteAshe @kennedystewart Queen Vic on 3rd is a couple of hundred meters from a supportive housing at 1st and Victoria and a homeless shelter.,2022-04-10 13:54:16.954377,1512832957358088192,2022-04-09 16:40:58+00:00,1,0,0,0,Silver_Strike,319,Victoria Homeless,Negative,0.38153114914894104
14,14,@RedParker44 @jerryteixeira I recognize that Victoria. In many cities in Canada the social services provide a stipend to the homeless. Last I know it was like $18 a week? Or that‚Äôs what it was in Ottawa.,2022-04-10 13:54:16.954377,1512776764421980160,2022-04-09 12:57:41+00:00,0,0,0,0,wendihouse22,779,Victoria Homeless,Negative,0.3571914732456207
15,15,"@SnoopDogg ""Victoria"" a homeless girl child, selling for 0.039ETH

https://t.co/47xtpUWE0A https://t.co/WmLyD7WcFY",2022-04-10 13:54:16.954377,1512716628512976900,2022-04-09 08:58:43+00:00,0,0,0,0,NanetteDonnelly,3451,Victoria Homeless,Negative,0.37886127829551697
16,16,"@gossthegoose @ArtistAffame @DamienEvans7 @AlboMP the social security provided by the government is necessary. Without it crime, child abuse, homelessness all these terrible social ills would be endemic in a large portion of the population, just as it was before. Think of the Victoria era...we do not want to go back to that",2022-04-10 13:54:17.244411,1513044959523352577,2022-04-10 06:43:24+00:00,1,0,1,0,drobwlldiad,5456,Victoria Homelessness,Negative,0.36656856536865234
17,17,"@EndZonerBoner @Flattielover @Synyster63 @KsLiberal @Bigteethyouhave @Frdmlvr3691 @DaniTrump2020 @TommyD07868371 @Saggit95 @jerbear714 @Vickie627 @donnnie @ShellyRKirchoff @akuscg @gopisdirty @PalusoSonny @SpongebobBirth @TheDaveWeinbaum @BC_Missy @victoria_roark @NathanBronson7 @Silver_Strike @skeeduu @PridgeWessea @NatForTrump2024 @Jetson77 @PhilipEMSkinne1 @newsjunky2 @Kittie_Svengali @SaveThe_Ukraine @sd_usn @JoeBro20802650 @CunningMarshal @PeterBartholo14 @SuP3rK @NanetteDonnelly @VinceGottalotta @mmEyeNewMe @chriscr66024638 @RushvilleRockit @Sembrouthes @giddy_bunny @RonVarney3 @jeff77531528 @Emma34770971 @ItsBT50 @cbessex @CapJ2021 @gurleysgrl @GinniaDivinia Not true. Asylum seekers (unlike people with refugee status) don't qualify for any federal assistance

I know the process is complicated and confusing.  And I agree homelessness is a problem. But you do realize that another problem now is not having enough workers for  jobs",2022-04-10 13:54:17.244411,1512910659322851330,2022-04-09 21:49:44+00:00,1,0,2,0,LadyOfTheOcean1,18551,Victoria Homelessness,Negative,0.3833690881729126
18,18,"Every day, a dire shortage of homes for $550/month causes new inflows to homelessness &amp; prevents exits from homelessness.

#Budget2022 promises 6,000 homes at this rent for ALL OF CANADA. 

Meanwhile, Greater Victoria has a backlog shortage of  &gt;10,000 homes that cost $550/mo.",2022-04-10 13:54:17.244411,1512459595645538307,2022-04-08 15:57:22+00:00,1,0,10,5,NicoleChaland,1095,Victoria Homelessness,Negative,0.36359167098999023
19,19,@Saggit95 @Silver_Strike @ShellyRKirchoff @KsLiberal @Synyster63 @skeeduu @TommyD07868371 @PridgeWessea @Vickie627 @akuscg @NathanBronson7 @Bigteethyouhave @victoria_roark @NatForTrump2024 @SpongebobBirth @Jetson77 @PhilipEMSkinne1 @newsjunky2 @LadyOfTheOcean1 @PalusoSonny @Kittie_Svengali @SaveThe_Ukraine @sd_usn @JoeBro20802650 @CunningMarshal @Flattielover @PeterBartholo14 @SuP3rK @NanetteDonnelly @VinceGottalotta @jerbear714 @mmEyeNewMe @chriscr66024638 @RushvilleRockit @Sembrouthes @giddy_bunny @RonVarney3 @jeff77531528 @Emma34770971 @ItsBT50 @cbessex @CapJ2021 @gurleysgrl @GinniaDivinia @gopisdirty @Annie20554592 @BC_Missy @BernFost1 @WisePaxCat @IvankaTrump And what are you doing about the homelessness all over the US? How does homelessness cure sexuality taught in schools in early education? I think you‚Äôve been dropped on your head too many times as an infant!,2022-04-10 13:54:17.244411,1512228265032921111,2022-04-08 00:38:08+00:00,2,0,3,0,Frdmlvr3691,110,Victoria Homelessness,Negative,0.3933616280555725
20,20,"@cameronnight11 @Stefan_SCan People do it here in Victoria all year long ü§∑‚Äç‚ôÄÔ∏è it's not labeled a protest though, just homelessness, you know, a permanent problem, not tempory https://t.co/enP5g9xPbU",2022-04-10 13:54:17.244411,1512155605816918020,2022-04-07 19:49:25+00:00,1,0,2,0,KaylaHogg3,298,Victoria Homelessness,Neutral,0.34963440895080566
21,21,Omg there‚Äôs so much homelessness in Victoria Street atm and I‚Äôm an easy target. I‚Äôve officially paid the rent this week. #devastating,2022-04-10 13:54:17.244411,1511952760228696066,2022-04-07 06:23:23+00:00,0,0,0,0,KellyManningart,893,Victoria Homelessness,Positive,0.36324968934059143
22,22,"This.

This is the very human face of regional Victoria's renting, housing and homelessness crisis.

This is a crisis if our own making. 

Well told by @JessWhitty at @PRIME7Border.
https://t.co/PYQR6yjgym",2022-04-10 13:54:17.244411,1511844182960214019,2022-04-06 23:11:56+00:00,1,6,21,10,VCOSS,14103,Victoria Homelessness,Negative,0.3870037794113159
23,23,"""Cancel every member of Victoria Police.
Drive them into poverty and homelessness. Banish them. They will be punished for the rest of their lives""",2022-04-10 13:54:17.244411,1511543850011045891,2022-04-06 03:18:31+00:00,0,0,0,0,AnthonyLarme,982,Victoria Homelessness,Positive,0.3659859895706177
24,24,"Examples of those entities:
Capital Region Housing Corporation
Pacifica Housing
Aboriginal Coalition to End Homelessness
Gorge View Society
Greater Victoria Housing Society
Threshold Housing Society
M'akola Housing Society",2022-04-10 13:54:17.244411,1511504880514441218,2022-04-06 00:43:40+00:00,1,0,6,0,_jeremy_sch,312,Victoria Homelessness,Negative,0.38317036628723145
25,25,'That should shock people': Single mum of five faces living in her car - looking at the rental situation in Victoria https://t.co/d9dMZIVCpb,2022-04-10 13:54:17.244411,1511334233469591563,2022-04-05 13:25:35+00:00,0,0,0,0,Barbara56532662,14,Victoria Homelessness,Negative,0.3647395372390747
26,26,"@YasMohammedxx Come to Victoria.  There are groups of people doing this every odd week.  Young women concerned about big trees, mad-hatters who think extinction is nigh, folks trying to end homelessness, university kids who want to  abolish the police----you name it, we got it in spades.",2022-04-10 13:54:17.244411,1511161064271933442,2022-04-05 01:57:28+00:00,1,0,3,0,MrDunstanESQ,148,Victoria Homelessness,Negative,0.3674234449863434
27,27,TIL ‚Äúcamping‚Äù is another word for homelessness. || Some students in Victoria are riding out the rental crisis by camping out full-time | CBC News  https://t.co/M20jfWdKny,2022-04-10 13:54:17.244411,1511000894598357000,2022-04-04 15:21:00+00:00,0,0,0,0,michellecraik,59,Victoria Homelessness,Neutral,0.3481876254081726
28,28,"You are invited to learn: Skateboard Parks, Community Gardens, Homelessness, Placemaking, Victoria, BC, Canada. Vision &amp; action. Presentations by 2 superb mayors: @LisaHelps, Canada &amp; @AnaOregi, Vitoria-Gasteiz, Spain. This Tue. April 5, 11am EST. Register https://t.co/PnlMuPQM5h https://t.co/adCPUJv1GV",2022-04-10 13:54:17.244411,1510742815264940035,2022-04-03 22:15:30+00:00,1,0,3,1,Penalosa_G,23054,Victoria Homelessness,Negative,0.3796544373035431
29,29,"Some students in Victoria are experiencing homelessness.

FTFY https://t.co/sPKGeYDpYE",2022-04-10 13:54:17.244411,1510720191444840449,2022-04-03 20:45:36+00:00,11,2,116,29,rohanarezel,4584,Victoria Homelessness,Negative,0.3670797049999237
30,30,"@ourplacesociety My understanding is there is a mix of people at that encampment

There are those who failed out of housing

Those who are new to Victoria

And then there are housed people like Shea Smith trying to create a tent city

Now they're calling it the Vic High Village to avoid stigma",2022-04-10 13:54:17.369011,1512996261552525316,2022-04-10 03:29:53+00:00,0,0,2,0,CharlesBodi,722,Victoria Encampment,Negative,0.35217800736427307
31,31,@berryonline Hopefully you are going to discuss when the removal of that disgusting and disgraceful eye sore of an encampment on Weber and Victoria is going to be removed,2022-04-10 13:54:17.369011,1512044093555281925,2022-04-07 12:26:18+00:00,0,0,0,0,IMTysonBond,18,Victoria Encampment,Negative,0.3617914617061615
32,32,"""A country can survive war, illness, and poverty,
However, one cannot survive in a country....
Where justice does not exist.""
(Pablo Victoria)",2022-04-10 13:54:17.771372,1513221516137271297,2022-04-10 18:24:58+00:00,0,0,2,0,Neurokirurg,340,Victoria Poverty,Positive,0.3788694739341736
33,33,@PovReductionBC @PovFreeTeam @300ToLive FORCED INTO POVERTY &amp; PROSTITUTION https://t.co/KX9QNPdFag BY GOVT #BCStorm I am being #murdered by @saanich @vicpdcanada @SaanichPolice AGENTS &amp;BC GOVT @Dave_Eby @jjhorgan @BCProsecution @BCProvCourt AGENTS #racism #hatecrimes #discrimination #Taken #evil https://t.co/u7LPS12QS0,2022-04-10 13:54:17.771372,1513214575126056963,2022-04-10 17:57:23+00:00,0,0,0,0,HatedByBCgovt,20,Victoria Poverty,Negative,0.36111515760421753
34,34,"The opening quoteü•∫ü•∫
""A country can survive war, illness, and poverty. However, one cannot survive in a country where justice does not exist.""- Pablo Victoria #AgainMyLifeEp1",2022-04-10 13:54:17.771372,1513126377377124360,2022-04-10 12:06:55+00:00,1,1,1,0,M_Adeeronke,221,Victoria Poverty,Negative,0.36584439873695374
35,35,"A country can survive war, illness, and poverty. However, one cannot survive in a country where justice does not exist.
-Pablo Victoria.",2022-04-10 13:54:17.771372,1512935244567138310,2022-04-09 23:27:25+00:00,1,0,3,0,fauzeeyya9,563,Victoria Poverty,Negative,0.36841729283332825
36,36,"""A country can survive war, illness, and  poverty. However, one cannot survive in a country where justice does not exist."" ~Pablo Victoria",2022-04-10 13:54:17.771372,1512918804309110785,2022-04-09 22:22:06+00:00,0,0,1,0,nestgianan,771,Victoria Poverty,Negative,0.3694974482059479
37,37,"#ÿßŸÖŸæŸàÿ±Ÿπ⁄à_ÿ≠⁄©ŸàŸÖÿ™_ŸÜÿßŸÖŸÜÿ∏Ÿàÿ± 
A country can survive war, illness, and poverty. However, one cannot survive in a country where justice does not exist. (pablo victoria)",2022-04-10 13:54:17.771372,1512908922205749255,2022-04-09 21:42:50+00:00,0,0,0,0,x2ichi,22,Victoria Poverty,Negative,0.3820854723453522
38,38,"@jjhorgan We continue to call on Victoria to increase disabled BCers‚Äô #PwD rates to an adequate level of support, not the constant struggle of far below poverty. Unfortunately, the provincial budget failed to #RaiseTheRates by even a single dollar.

@BCNDP @NicholasSimons @SelinaRobinson",2022-04-10 13:54:17.771372,1512851839619768327,2022-04-09 17:56:00+00:00,3,0,9,4,DisabledVancity,248,Victoria Poverty,Negative,0.3716590106487274
39,39,"We continue to call on Victoria to increase disabled BCers‚Äô #PwD rates to an adequate level of support, not the constant struggle of far below poverty. Unfortunately, the provincial budget failed to #RaiseTheRates by even a single dollar.

@BCNDP @NicholasSimons @SelinaRobinson https://t.co/dakc9Mnbcs",2022-04-10 13:54:17.771372,1512851780081577986,2022-04-09 17:55:46+00:00,0,0,4,3,siipril,59,Victoria Poverty,Negative,0.3814440071582794
40,40,"""A country can survive war, disease and poverty, but one cannot survive in a country where justice doesn't exist""

-Pablo Victoria-",2022-04-10 13:54:17.771372,1512812714946863107,2022-04-09 15:20:32+00:00,0,0,0,0,v_mcmxci,3,Victoria Poverty,Negative,0.3672299087047577
41,41,"I started a new drama today and there's a quote that caught my attention.

""A country can survive war,illness and poverty. However, a person cannot survive in a country where justice does not exist"" - Pablo victoria",2022-04-10 13:54:17.771372,1512741113320579078,2022-04-09 10:36:01+00:00,0,0,8,3,RichardAmbunya1,78,Victoria Poverty,Negative,0.35425060987472534
42,42,@MumbiMbui It surprised Siaya was named one of the last ten counties languishing in poverty yet it rain throughout the year and fishing activities are in lake Victoria,2022-04-10 13:54:17.771372,1512731586135040007,2022-04-09 09:58:09+00:00,0,0,1,0,Kdrama_QuotesEp,3,Victoria Poverty,Negative,0.3729649484157562
43,43,"[ #AgainMyLife ]
""A country can survive war, illness &amp; poverty. However, one cannot survive in a country where justice does not exist"" - (Pablo Victoria) - #AgainMyLifeEp1 https://t.co/MiScJTSCFt",2022-04-10 13:54:17.771372,1512665142307155969,2022-04-09 05:34:08+00:00,0,0,11,5,Ellinadear,5152,Victoria Poverty,Negative,0.37596434354782104
44,44,"""A country can survive war, illness &amp; Poverty. However, one cannot survive in a country whee Justice doesn't exist."" - Pablo Victoria

#AgainMyLife",2022-04-10 13:54:17.771372,1512517731257622534,2022-04-08 19:48:23+00:00,0,0,5,1,Williammaablabs,36,Victoria Poverty,Negative,0.37384912371635437
45,45,Am turning away from poverty to prosperity @PearlMovies @MaablabsTechLtd @quit @victoria_sibiya @poshaaloyo @HaffionHaffy https://t.co/TJhxZAe1xn,2022-04-10 13:54:17.771372,1512493569285799936,2022-04-08 18:12:22+00:00,0,0,1,0,wendihouse22,779,Victoria Poverty,Negative,0.39948785305023193
46,46,"@AkanKwaku Nothing‚Äôs changed in hundreds of years. Queen Victoria being shielded from the poverty disease in her Royal carriage, when she went about in London. It was so awful, the poor woman wasn‚Äôt allowed to ‚Äúlook‚Äù.  

Recently, the homeless rounded up and shifted, pre Harry‚Äôs wedding.",2022-04-10 13:54:17.771372,1512358919817121793,2022-04-08 09:17:19+00:00,0,0,0,0,billwells_1,868,Victoria Poverty,Negative,0.3741157054901123
47,47,"@Victoria_Spratt @theipaper @r_earwaker @jrf_uk @LibDems This isn't quite true is it?

There are affordability restrictions - associated with Govt prudence regulations - in how much you can take out on mortgages. 

Also, the presumption are that the 1/3 in poverty are all house buyers not home owners. Unlikely?@CarolLewis101",2022-04-10 13:54:17.771372,1512349072866304000,2022-04-08 08:38:11+00:00,0,0,1,0,ethoscentre,784,Victoria Poverty,Negative,0.3475835621356964
48,48,"The Conversation has picked up on the report, ‚ÄòScarring effects of the pandemic economy‚Äô, published by Catholic Social Services Victoria, where I work as Senior Policy Officer, along with other agencies. 

#lockdowns #socialservices #poverty 

https://t.co/iokv8wPQFP",2022-04-10 13:54:17.771372,1512021614493265923,2022-04-07 10:56:59+00:00,1,0,0,1,Seirian,254,Victoria Poverty,Negative,0.3807009756565094
49,49,"Victoria Surgery, Holyhead. End Period Poverty. @RhunapIorwerth @AngleseyScMedia #endperiodpoverty https://t.co/Egzbv1Qh9D",2022-04-10 13:54:17.771372,1511969876654669835,2022-04-07 07:31:24+00:00,0,1,9,1,denoh_owino,0,Victoria Poverty,Negative,0.3927154242992401
50,50,"This is siaya county. Home baba the 5th among the poorest counties in Kenya. With 'migingo' farm, dominion farm and lake Victoria still we can't eradicate the poverty level. Effect of voting six piece
@RailaOdinga @RasangaGov @orengo_james https://t.co/zbgfoSIQth",2022-04-10 13:54:17.771372,1511817006999379970,2022-04-06 21:23:57+00:00,0,0,0,0,cartujakds,12241,Victoria Poverty,Negative,0.37073272466659546
51,51,@timeandthehour @SilvaSurfer4 @SpanishDan1 Immigrants built the roads in the first place. Then Queen Victoria sent them back to Ireland to extreme poverty.,2022-04-10 13:54:17.771372,1511811194276962307,2022-04-06 21:00:51+00:00,0,0,0,0,AnthonyLarme,982,Victoria Poverty,Negative,0.3435383141040802
52,52,"""Cancel every member of Victoria Police.
Drive them into poverty and homelessness. Banish them. They will be punished for the rest of their lives""",2022-04-10 13:54:17.771372,1511543850011045891,2022-04-06 03:18:31+00:00,0,0,0,0,armthehomelessn,1604,Victoria Poverty,Positive,0.3659859895706177
53,53,"Sure, meaningful employment can reduce recidivism. But this is because without employment those leaving custody return to poverty.

Poverty is a key driver of criminalisation, incarceration and recidivism.

This is an issue of poverty not employment. 
 https://t.co/EWa3KmPCo4",2022-04-10 13:54:17.771372,1511499363725750273,2022-04-06 00:21:45+00:00,1,0,8,2,K_Oss_inthecity,87,Victoria Poverty,Negative,0.357134610414505
54,54,"@MelissaLantsman Incorrect- I come from a generational poverty family. I was also a single parent (grown up) that received $0 in child support and had said child full time. I worked hard, saved hard and pushed hard- I‚Äôve now bought a condo, with no help from anyone, in Victoria.",2022-04-10 13:54:17.771372,1511084514881142787,2022-04-04 20:53:17+00:00,0,0,0,0,heisBrowny,44,Victoria Poverty,Negative,0.3733600080013275
55,55,"@Vickie627 @EndZonerBoner @gopisdirty @PeterBartholo14 @DaniTrump2020 @Randomwatcher51 @Bad_Boy_Jesus @Mountain_Buddy @jerbear714 @LadyOfTheOcean1 @fukit32 @Bigteethyouhave @PridgeWessea @Flattielover @akuscg @Synyster63 @KsLiberal @Frdmlvr3691 @TommyD07868371 @Saggit95 @donnnie @ShellyRKirchoff @PalusoSonny @SpongebobBirth @TheDaveWeinbaum @BC_Missy @victoria_roark @NathanBronson7 @Silver_Strike @skeeduu @NatForTrump2024 @Jetson77 @PhilipEMSkinne1 @newsjunky2 @Kittie_Svengali @SaveThe_Ukraine @sd_usn @JoeBro20802650 @CunningMarshal @SuP3rK @NanetteDonnelly @VinceGottalotta @mmEyeNewMe @chriscr66024638 @RushvilleRockit @Sembrouthes @giddy_bunny @RonVarney3 @jeff77531528 @Emma34770971 Cookie do you realize how really, really ridiculous you sound saying things like that.

Inflation is fake?
Gas prices are fake?
The Border chaos is fake?
Afghanistan is fake? 13 DEAD AMERICANS ü§¨ü§¨ü§¨ü§¨
Crime wave is fake?

WTF do you all day? Drink?ü§¶üèª‚Äç‚ôÇÔ∏è",2022-04-10 13:54:18.164858,1513167863758180361,2022-04-10 14:51:46+00:00,6,0,4,0,george_pattons,2770,Victoria Crime,Negative,0.371486097574234
56,56,"@george_pattons @gopisdirty @PeterBartholo14 @DaniTrump2020 @Randomwatcher51 @Bad_Boy_Jesus @Mountain_Buddy @jerbear714 @Vickie627 @LadyOfTheOcean1 @fukit32 @Bigteethyouhave @PridgeWessea @Flattielover @akuscg @Synyster63 @KsLiberal @Frdmlvr3691 @TommyD07868371 @Saggit95 @donnnie @ShellyRKirchoff @PalusoSonny @SpongebobBirth @TheDaveWeinbaum @BC_Missy @victoria_roark @NathanBronson7 @Silver_Strike @skeeduu @NatForTrump2024 @Jetson77 @PhilipEMSkinne1 @newsjunky2 @Kittie_Svengali @SaveThe_Ukraine @sd_usn @JoeBro20802650 @CunningMarshal @SuP3rK @NanetteDonnelly @VinceGottalotta @mmEyeNewMe @chriscr66024638 @RushvilleRockit @Sembrouthes @giddy_bunny @RonVarney3 @jeff77531528 @Emma34770971 Taxes
Criminals released 
Crime wave
Hunter
Covid deaths skyrocket
Homeless population growing
The red tsunami",2022-04-10 13:54:18.164858,1513164066654765062,2022-04-10 14:36:41+00:00,2,0,3,2,EndZonerBoner,261,Victoria Crime,Negative,0.3715180456638336
57,57,The Massimos were connected to the Clerkenwell Crime Syndicate through the marriage of actress Victoria Dawn Adams with Don Vittorio Emanuel Massimo https://t.co/rzpvFW5m9O https://t.co/uSXAU2Oioi,2022-04-10 13:54:18.164858,1513070215566958592,2022-04-10 08:23:45+00:00,0,0,1,1,doubleDutchquak,228,Victoria Crime,Negative,0.37140923738479614
58,58,"@gossthegoose @ArtistAffame @DamienEvans7 @AlboMP the social security provided by the government is necessary. Without it crime, child abuse, homelessness all these terrible social ills would be endemic in a large portion of the population, just as it was before. Think of the Victoria era...we do not want to go back to that",2022-04-10 13:54:18.164858,1513044959523352577,2022-04-10 06:43:24+00:00,1,0,1,0,drobwlldiad,5456,Victoria Crime,Negative,0.36656856536865234
59,59,@cesarhfutbol Been to both (sitting in Victoria Block today). Agree. The way they defaced the Azteca is a crime. I was there in ‚Äò09 for the Sabah winner. Best atmosphere I‚Äôve ever seen. It was some Gladiator shit. Ahora‚Ä¶yikes.,2022-04-10 13:54:18.164858,1513029482822594563,2022-04-10 05:41:54+00:00,0,0,2,0,frankreyesvilla,204,Victoria Crime,Negative,0.3644886612892151
60,60,"@amanda_j_porter But in Victoria Police are mostly not there to fight crime, but to suppress protests, mostly climate protesters.",2022-04-10 13:54:18.164858,1512984801560576003,2022-04-10 02:44:21+00:00,1,0,0,0,jennmelb,852,Victoria Crime,Positive,0.34383392333984375
61,61,"@EndZonerBoner @Vickie627 @LadyOfTheOcean1 @Flattielover @DaniTrump2020 @Synyster63 @KsLiberal @Bigteethyouhave @Frdmlvr3691 @TommyD07868371 @Saggit95 @jerbear714 @donnnie @ShellyRKirchoff @akuscg @gopisdirty @PalusoSonny @SpongebobBirth @TheDaveWeinbaum @BC_Missy @victoria_roark @NathanBronson7 @Silver_Strike @skeeduu @NatForTrump2024 @Jetson77 @PhilipEMSkinne1 @newsjunky2 @Kittie_Svengali @SaveThe_Ukraine @sd_usn @JoeBro20802650 @CunningMarshal @PeterBartholo14 @SuP3rK @NanetteDonnelly @VinceGottalotta @mmEyeNewMe @chriscr66024638 @RushvilleRockit @Sembrouthes @giddy_bunny @RonVarney3 @jeff77531528 @Emma34770971 @ItsBT50 @cbessex @CapJ2021 @gurleysgrl @GinniaDivinia So you know your boss is committing a crime and you‚Äôre doing nothing about him exploiting them?

Just wow.",2022-04-10 13:54:18.164858,1512974366434201604,2022-04-10 02:02:53+00:00,0,0,0,0,PridgeWessea,1466,Victoria Crime,Negative,0.38355234265327454
62,62,Victoria does not need 1500 new police! Victoria already has more police ‚Äì by head count ‚Äì than any other state. This on top of the 3100 extra police last year! Record budgets in spite of the fact that crime is going down across most categories: https://t.co/Ay4fzELCX6,2022-04-10 13:54:18.164858,1512972487654801411,2022-04-10 01:55:25+00:00,1,2,32,11,amanda_j_porter,2170,Victoria Crime,Negative,0.37950488924980164
63,63,"@longjohns1234 @jerbear714 @Saggit95 @gopisdirty @LadyOfTheOcean1 @Flattielover @Synyster63 @KsLiberal @Bigteethyouhave @Frdmlvr3691 @DaniTrump2020 @TommyD07868371 @donnnie @ShellyRKirchoff @akuscg @PalusoSonny @SpongebobBirth @TheDaveWeinbaum @BC_Missy @victoria_roark @NathanBronson7 @Silver_Strike @skeeduu @PridgeWessea @NatForTrump2024 @Jetson77 @PhilipEMSkinne1 @newsjunky2 @Kittie_Svengali @SaveThe_Ukraine @sd_usn @JoeBro20802650 @CunningMarshal @PeterBartholo14 @SuP3rK @NanetteDonnelly @VinceGottalotta @mmEyeNewMe @chriscr66024638 @RushvilleRockit @Sembrouthes @giddy_bunny @RonVarney3 @jeff77531528 @Emma34770971 @ItsBT50 @cbessex @CapJ2021 @gurleysgrl @GinniaDivinia It‚Äôs not safe in Tijuana. Very high crime, murders and kidnappings. 

I have 11 Mexican-American grandchildren, a Mexican SOL and a Mexican DIL.",2022-04-10 13:54:18.164858,1512963651308728321,2022-04-10 01:20:18+00:00,0,0,2,0,Vickie627,6124,Victoria Crime,Negative,0.38323870301246643
64,64,@passionmoon @Stephen_Andrew Drivers have not caused the social unrest and crime in Victoria. They are not responsible for destroying city parks. They do not arbitrarily close roads or eliminated access for disabled. October is coming soon.,2022-04-10 13:54:18.164858,1512922085827354626,2022-04-09 22:35:08+00:00,3,0,2,0,Bruce55368227,205,Victoria Crime,Negative,0.36392396688461304
65,65,"Join us in one hour for our true crime deep dive!
Thomas Kelly was an 18 year old from Sydney Australia who was victim to a random on-punch assault as he walked down Victoria Street in Kings Cross, on July 7th. He would never wake up from the attack. Link in replies! https://t.co/SYSLlUJiMo",2022-04-10 13:54:18.164858,1512881293595394058,2022-04-09 19:53:03+00:00,1,0,14,0,itsjoshuamiles,9314,Victoria Crime,Negative,0.36658644676208496
66,66,"@donnnie @TommyD07868371 @Saggit95 @DaniTrump2020 @jerbear714 @Vickie627 @LadyOfTheOcean1 @ShellyRKirchoff @akuscg @gopisdirty @PalusoSonny @SpongebobBirth @TheDaveWeinbaum @BC_Missy @victoria_roark @Flattielover @NathanBronson7 @Silver_Strike @KsLiberal @Synyster63 @skeeduu @Bigteethyouhave @NatForTrump2024 @Jetson77 @PhilipEMSkinne1 @newsjunky2 @Frdmlvr3691 @Kittie_Svengali @SaveThe_Ukraine @sd_usn @JoeBro20802650 @CunningMarshal @PeterBartholo14 @SuP3rK @NanetteDonnelly @VinceGottalotta @mmEyeNewMe @chriscr66024638 @RushvilleRockit @Sembrouthes @giddy_bunny @RonVarney3 @jeff77531528 @Emma34770971 @ItsBT50 @cbessex @CapJ2021 @gurleysgrl @GinniaDivinia @Annie20554592 Remember folks, Hillary is a dementia ridden and close to death, but she‚Äôs also capable of running a worldwide crime organization and sex trafficking ring from a pizza parlor. 

Just like how Biden is weak but can still also single handedly stop a GWB SC nom from the Senate lol.",2022-04-10 13:54:18.164858,1512858938743541766,2022-04-09 18:24:13+00:00,3,0,2,0,xxintrfly,15,Victoria Crime,Negative,0.38402336835861206
67,67,"(3)

beatrix sanchez
- 4th yr college
- bs nursing
- partner in crime ni maze sa bardagulan
- she likes possessive guys 

victoria ramirez

- 4th yr college
- bs nursing
- the straightforward sa grupo. social butterfly sa grupo.
- she likes sexy things https://t.co/cSdpdDidW6",2022-04-10 13:54:18.164858,1512806875905261570,2022-04-09 14:57:20+00:00,1,0,1,0,woodsimon66,1356,Victoria Crime,Negative,0.3601495325565338
68,68,@victoria_racing all i need to know is a pathological liar #morrisin morrison is in charge of an undemocratic crime gang aka the LNP-IPA-murdoch party.  morrisons LibNats have to go asap. Then Fed ICAC and RC into msm in Oz vital. morrison is a crook #auspol #ScottyThePathologicalLiar #PrayerRoom,2022-04-10 13:54:18.164858,1512723498497560577,2022-04-09 09:26:01+00:00,1,0,2,1,TommyD07868371,271,Victoria Crime,Negative,0.3597351312637329
69,69,"@KsLiberal @Synyster63 @JeffPJohnson2 @donnnie @ShellyRKirchoff @akuscg @gopisdirty @PalusoSonny @SpongebobBirth @TheDaveWeinbaum @BC_Missy @victoria_roark @Flattielover @NathanBronson7 @Silver_Strike @skeeduu @PridgeWessea @Vickie627 @Bigteethyouhave @NatForTrump2024 @Jetson77 @PhilipEMSkinne1 @newsjunky2 @LadyOfTheOcean1 @Frdmlvr3691 @Kittie_Svengali @SaveThe_Ukraine @sd_usn @JoeBro20802650 @CunningMarshal @PeterBartholo14 @SuP3rK @NanetteDonnelly @VinceGottalotta @jerbear714 @mmEyeNewMe @chriscr66024638 @RushvilleRockit @Sembrouthes @giddy_bunny @RonVarney3 @jeff77531528 @Emma34770971 @ItsBT50 @cbessex @CapJ2021 @gurleysgrl @GinniaDivinia @Annie20554592 @BernFost1 Obstruction of Justice in an investigation of a crime that did not exist‚Ä¶ Wait, it wasn‚Äôt a criminal nap investigation‚Ä¶",2022-04-10 13:54:18.164858,1512720528691404800,2022-04-09 09:14:13+00:00,1,0,2,0,SaveThe_Ukraine,131,Victoria Crime,Negative,0.3968570828437805
70,70,"@Flattielover @Vickie627 @jerbear714 @KsLiberal @Frdmlvr3691 @mmEyeNewMe @TommyD07868371 @donnnie @LadyOfTheOcean1 @Saggit95 @ShellyRKirchoff @akuscg @gopisdirty @PalusoSonny @SpongebobBirth @TheDaveWeinbaum @BC_Missy @victoria_roark @NathanBronson7 @Silver_Strike @Synyster63 @skeeduu @PridgeWessea @Bigteethyouhave @NatForTrump2024 @Jetson77 @PhilipEMSkinne1 @newsjunky2 @Kittie_Svengali @sd_usn @JoeBro20802650 @CunningMarshal @PeterBartholo14 @SuP3rK @NanetteDonnelly @VinceGottalotta @chriscr66024638 @RushvilleRockit @Sembrouthes @giddy_bunny @RonVarney3 @jeff77531528 @Emma34770971 @ItsBT50 @cbessex @CapJ2021 @gurleysgrl @GinniaDivinia @Annie20554592 @BernFost1 Most definitely if Lawmakers determine 
The crime committed should be denied bail.
Quitüò¢over Trump
Supporters all arrested
Are adults and knew they were breaking laws. Trump His üë™ and Enablers will to be charged. Most time sentenced so far 63 months.
https://t.co/NbzUebeizk",2022-04-10 13:54:18.164858,1512707434170757125,2022-04-09 08:22:11+00:00,0,0,2,1,gordonne279,30,Victoria Crime,Negative,0.38325202465057373
71,71,"@CliffordHayesMP @VictoriaPolice Not just murderers, but anyone accused of a crime can simply refuse to cooperate with Victoria police and the matter will be dropped. The precedent has been set.",2022-04-10 13:54:18.164858,1512702202389069826,2022-04-09 08:01:24+00:00,0,0,0,0,ZeraFoxGibbon,152,Victoria Crime,Negative,0.3665935695171356
72,72,@bizarrobrain Completely forgetting the moms across America shopping with their kiddos in Victoria's Secret at every mall throughout the 80s-90s. But that was not damaging... looking like Conan the Barbarian or McGruff the Crime Dog is what'll mess up those kids. Because gayz. Very smart. https://t.co/8ZoaXZnvm6,2022-04-10 13:54:18.164858,1512656254623170561,2022-04-09 04:58:49+00:00,1,0,2,0,Covid_Stinks,161,Victoria Crime,Negative,0.37553325295448303
73,73,"Stephen, can you talk about Crime &amp; Disorder in Victoria, &amp; your stance on this. Maybe you can ‚Äúpop in‚Äù to CFAX? Adam could ask you questions about your platform? ‚Ä¶ &amp; then you two can contract that with the ABYSMAL JOB done by the current Clowncil @Stephen_Andrew",2022-04-10 13:54:18.164858,1512635317957718018,2022-04-09 03:35:37+00:00,1,0,1,0,Disgruntledddd,22,Victoria Crime,Neutral,0.3737349510192871
74,74,@Voice4Victoria Obstruction of justice is in itself a crime. They all should have been hauled to the cop shop and charged one way or the other. Cooperate on the investigation or be charged for obstruction of justice. I guess corruption runs deep in Victoria. ü§¶‚Äç‚ôÄÔ∏è,2022-04-10 13:54:18.164858,1512613317600169989,2022-04-09 02:08:12+00:00,0,0,1,1,Vicadvocate,10308,Victoria Crime,Positive,0.364504337310791
75,75,"VICTORIA ‚Äì A 42-year-old Victoria man was arrested April 7on a warrant charging him with prostitution or other for pay or soliciting a person younger than 18 years old, accord to arrest records. https://t.co/e00iLSD5O6",2022-04-10 13:54:18.164858,1512611276622606340,2022-04-09 02:00:05+00:00,0,0,0,0,MoCoArrests,105,Victoria Crime,Negative,0.341814786195755
76,76,"VICTORIA CELESTE COOPER WAS BOOKED INTO THE MONTGOMERY COUNTY JAIL IN #ClarksvilleTN ON 2022-04-04 ON CHARGES INCLUDING: DOMESTIC ASSAULT #ClarksvilleArrests
https://t.co/kMUWeUFi8o https://t.co/mHWkUYjF1Z",2022-04-10 13:54:18.164858,1512596919293558790,2022-04-09 01:03:02+00:00,0,0,0,0,VinceGottalotta,7547,Victoria Crime,Neutral,0.3660891056060791
77,77,"@KsLiberal @TommyD07868371 @Synyster63 @JeffPJohnson2 @donnnie @ShellyRKirchoff @akuscg @gopisdirty @PalusoSonny @SpongebobBirth @TheDaveWeinbaum @BC_Missy @victoria_roark @Flattielover @NathanBronson7 @Silver_Strike @skeeduu @PridgeWessea @Vickie627 @Bigteethyouhave @NatForTrump2024 @Jetson77 @PhilipEMSkinne1 @newsjunky2 @LadyOfTheOcean1 @Frdmlvr3691 @Kittie_Svengali @SaveThe_Ukraine @sd_usn @JoeBro20802650 @CunningMarshal @PeterBartholo14 @SuP3rK @NanetteDonnelly @jerbear714 @mmEyeNewMe @chriscr66024638 @RushvilleRockit @Sembrouthes @giddy_bunny @RonVarney3 @jeff77531528 @Emma34770971 @ItsBT50 @cbessex @CapJ2021 @gurleysgrl @GinniaDivinia @Annie20554592 @BernFost1 That‚Äôs absolutely what the report says.

Because it fails to establish that any crime was committed.

You‚Äôre not presume to guilty and tell Robert Mueller says otherwise.

Mueller came up zero. He sucks dog",2022-04-10 13:54:18.164858,1512584883327193089,2022-04-09 00:15:13+00:00,1,0,3,0,JeffPJohnson2,3,Victoria Crime,Negative,0.39701545238494873
78,78,"@TommyD07868371 @donnnie @ShellyRKirchoff @akuscg @gopisdirty @PalusoSonny @SpongebobBirth @TheDaveWeinbaum @BC_Missy @victoria_roark @Flattielover @NathanBronson7 @Silver_Strike @KsLiberal @Synyster63 @skeeduu @PridgeWessea @Vickie627 @Bigteethyouhave @NatForTrump2024 @Jetson77 @PhilipEMSkinne1 @newsjunky2 @LadyOfTheOcean1 @Frdmlvr3691 @Kittie_Svengali @SaveThe_Ukraine @sd_usn @JoeBro20802650 @CunningMarshal @PeterBartholo14 @SuP3rK @NanetteDonnelly @VinceGottalotta @jerbear714 @mmEyeNewMe @chriscr66024638 @RushvilleRockit @Sembrouthes @giddy_bunny @RonVarney3 @jeff77531528 @Emma34770971 @ItsBT50 @cbessex @CapJ2021 @gurleysgrl @GinniaDivinia @Annie20554592 @BernFost1 Yeah, figured you didn't read it. I'm just waiting for the Russian collusion hoax BS because Manafort taking Cambridge analytica data to Russian assets isn't fucking collusion. Oh, collusion isn't a crime. You people are dumb as fucking hell.",2022-04-10 13:54:18.164858,1512575019657932800,2022-04-08 23:36:01+00:00,4,0,0,0,DonnaPe07223067,5,Victoria Crime,Negative,0.3894464373588562
79,79,"@Flight1917 Yes, he did that and truly showed who is is. My guess is with his church and $15,000,000 house, he could have offered shelter to many. But then, the carpet would get dirty and Victoria's hotel suite would be an inconvenience at best. https://t.co/fRE3Tl2BKM",2022-04-10 13:54:18.557148,1513209130760253442,2022-04-10 17:35:45+00:00,0,0,1,0,JEBF07,1952,Victoria Shelter,Negative,0.372171014547348
80,80,"Thanks to M.A. S. Group! They joined Leo States Ukraine and created a master plan for our project free of charge. The owner Victoria Ryabokon promised to do everything to build a quality shelter for people who are forced to start a new life üá∫üá¶

#leostatesukraine #refugee #ukraine https://t.co/8zIj9cxYCT",2022-04-10 13:54:18.557148,1513153339718082567,2022-04-10 13:54:03+00:00,0,0,0,0,LeoStatesUA,2,Victoria Shelter,Negative,0.366506963968277
81,81,"@DaniTrump2020 @PridgeWessea @VinceGottalotta @KsLiberal @Synyster63 @LadyOfTheOcean1 @Bigteethyouhave @Frdmlvr3691 @TommyD07868371 @Saggit95 @jerbear714 @Vickie627 @donnnie @ShellyRKirchoff @akuscg @gopisdirty @PalusoSonny @SpongebobBirth @TheDaveWeinbaum @BC_Missy @victoria_roark @NathanBronson7 @Silver_Strike @skeeduu @NatForTrump2024 @Jetson77 @PhilipEMSkinne1 @newsjunky2 @Kittie_Svengali @SaveThe_Ukraine @sd_usn @JoeBro20802650 @CunningMarshal @PeterBartholo14 @SuP3rK @NanetteDonnelly @mmEyeNewMe @chriscr66024638 @RushvilleRockit @Sembrouthes @giddy_bunny @RonVarney3 @jeff77531528 @Emma34770971 @ItsBT50 @cbessex @CapJ2021 @gurleysgrl @GinniaDivinia @Annie20554592 Exactly!  The drug problems, the mentally ill who are unable to care for themselves, our vets, and everyone else who can‚Äôt feed or shelter themselves.",2022-04-10 13:54:18.557148,1512962537360351233,2022-04-10 01:15:53+00:00,1,0,3,1,Flattielover,2294,Victoria Shelter,Negative,0.38686901330947876
82,82,"Listen to the Language of the Trees by Tera Kelley &amp; art by @MarieHermansson 
Murder Among Friends by Candace Fleming
Sanctuary: Kip Tiernan and Rosie‚Äôs Place, the Nation‚Äôs First Shelter for Women by @cmcdonnellbooks  &amp; art by Victoria Tentler-Krylov",2022-04-10 13:54:18.557148,1512889059114471434,2022-04-09 20:23:54+00:00,1,0,1,0,JustTakesOne1,273,Victoria Shelter,Negative,0.3784649670124054
83,83,"@Flattielover @Frdmlvr3691 @DaniTrump2020 @TommyD07868371 @Saggit95 @jerbear714 @Vickie627 @donnnie @LadyOfTheOcean1 @ShellyRKirchoff @akuscg @gopisdirty @PalusoSonny @SpongebobBirth @TheDaveWeinbaum @BC_Missy @victoria_roark @NathanBronson7 @Silver_Strike @Synyster63 @skeeduu @PridgeWessea @Bigteethyouhave @NatForTrump2024 @Jetson77 @PhilipEMSkinne1 @newsjunky2 @Kittie_Svengali @SaveThe_Ukraine @sd_usn @JoeBro20802650 @CunningMarshal @PeterBartholo14 @SuP3rK @NanetteDonnelly @VinceGottalotta @mmEyeNewMe @chriscr66024638 @RushvilleRockit @Sembrouthes @giddy_bunny @RonVarney3 @jeff77531528 @Emma34770971 @ItsBT50 @cbessex @CapJ2021 @gurleysgrl @GinniaDivinia @Annie20554592 It‚Äôs National Volunteer month and having volunteered at my shelter I can tell you‚Ä¶ they do not let you take them all home no matter how much you beg! 

Shelters got nailed at the end of the pandemic and they‚Äôd love the help! https://t.co/CCOpQjMBHS",2022-04-10 13:54:18.557148,1512850889383587840,2022-04-09 17:52:14+00:00,2,0,3,2,KsLiberal,537,Victoria Shelter,Negative,0.3859182596206665
84,84,"@Frdmlvr3691 @DaniTrump2020 @TommyD07868371 @Saggit95 @jerbear714 @Vickie627 @donnnie @LadyOfTheOcean1 @ShellyRKirchoff @akuscg @gopisdirty @PalusoSonny @SpongebobBirth @TheDaveWeinbaum @BC_Missy @victoria_roark @NathanBronson7 @Silver_Strike @KsLiberal @Synyster63 @skeeduu @PridgeWessea @Bigteethyouhave @NatForTrump2024 @Jetson77 @PhilipEMSkinne1 @newsjunky2 @Kittie_Svengali @SaveThe_Ukraine @sd_usn @JoeBro20802650 @CunningMarshal @PeterBartholo14 @SuP3rK @NanetteDonnelly @VinceGottalotta @mmEyeNewMe @chriscr66024638 @RushvilleRockit @Sembrouthes @giddy_bunny @RonVarney3 @jeff77531528 @Emma34770971 @ItsBT50 @cbessex @CapJ2021 @gurleysgrl @GinniaDivinia @Annie20554592 My biggest disappointment is now that I have time, I don‚Äôt volunteer at our animal shelter.  I would love it, but can‚Äôt afford to support my weakness.  I would have more dogs than I could care for properly.  If I had lots of space, I would indulge.  We got ours 3 weeks ago.",2022-04-10 13:54:18.557148,1512841426115125249,2022-04-09 17:14:37+00:00,4,0,4,0,GFenburn,6,Victoria Shelter,Negative,0.38692256808280945
85,85,@Laceybe52576557 @KtDales @coxey3492 @JClerides @JeanetteAshe @kennedystewart Queen Vic on 3rd is a couple of hundred meters from a supportive housing at 1st and Victoria and a homeless shelter.,2022-04-10 13:54:18.557148,1512832957358088192,2022-04-09 16:40:58+00:00,1,0,0,0,davidclowery,10731,Victoria Shelter,Negative,0.38153114914894104
86,86,"Victoria State Bryant State Park GA, has a long wire with transformer and coax built into picnic shelter #1.  Not sure if you can see it from the photos. I can tune it down to 160m. #hamradio #POTA. Currently on 4OM https://t.co/VjAh2GCBKk",2022-04-10 13:54:18.557148,1512488867622014985,2022-04-08 17:53:41+00:00,3,0,11,2,LethLostPets,1036,Victoria Shelter,Negative,0.3498763144016266
87,87,"Beige &amp; Grey Shih-tzu Dog FOUND at Victoria Park SOUTH - To claim, please call Shelter 403-320-4099 to make an appointment. Bring Proof of Ownership https://t.co/pTIJDH2Lpw Please RT #YQL https://t.co/RKPRyqEuPD",2022-04-10 13:54:18.557148,1512232738354438144,2022-04-08 00:55:55+00:00,0,0,0,1,fabandfamous1,132,Victoria Shelter,Neutral,0.38798001408576965
88,88,"@Adam_Stirling 2 things that struck me most that he said:

People who shelter in Victoria are treated TOO WELL, i.e., 2 meals a day delivered to tents. (The word is out)

99% of those sheltering are addicted.",2022-04-10 13:54:18.557148,1512167235736924160,2022-04-07 20:35:38+00:00,1,0,4,0,charmchris3,1932,Victoria Shelter,Negative,0.3638806641101837
89,89,"@seancondev Living in Victoria, is like being in a relationship of domestic violence, Andrews decides who you can see &amp; when, intimidates, harrasses &amp; abuses, except this is one where there is no way to sever the relationship, no womens shelter, &amp; a relationship we never consented to.#RIPVIC",2022-04-10 13:54:18.557148,1512149162250293248,2022-04-07 19:23:49+00:00,0,0,4,2,DCN_Canada,8903,Victoria Shelter,Negative,0.3646678030490875
90,90,".@IntervalHamOnt recently announced it has renamed its west Hamilton women‚Äôs shelter in honour of @LIUNA executive Victoria Mancinelli, citing her leadership on women‚Äôs empowerment in the community and her personal support and LIUNA‚Äôs for the shelter. https://t.co/oZ9C3RHURr https://t.co/HSHP1hLNSg",2022-04-10 13:54:18.557148,1512102915988766727,2022-04-07 16:20:03+00:00,0,0,12,4,moralconstit,68,Victoria Shelter,Negative,0.37115731835365295
91,91,@CharlesBodi @BC_Housing @CityOfVictoria @Adam_Stirling And then let the provincial government open up a shelter outside victoria and spread the madness around? Open up a OPs site and SRo in Oak Bay/ Saanich/ Sydney or Mill@Bay and give victoria a break. If we build it they will come.,2022-04-10 13:54:18.557148,1512065520937234440,2022-04-07 13:51:27+00:00,0,0,1,0,JimMcMaster11,561,Victoria Shelter,Negative,0.34116509556770325
92,92,"The Functional  Victoria Tunnel - a coal waggonway running under Newcastle Town Moor to the Tyne. Opened today 1842 transported coal, Pit to river. It changed function during the WWII when it was used a bomb shelter (see Civil Defence plan) #365in2022 @sonyaphotoart https://t.co/PHp7eJSLvt",2022-04-10 13:54:18.557148,1512044890162663427,2022-04-07 12:29:28+00:00,1,1,36,5,joansvoice,191,Victoria Shelter,Negative,0.378330796957016
93,93,"@CanadianTCpod Most of the world's Indigenous don't know their culture or speak their languages bcuz their conquerers offered no welfare, no food and no shelter. Cda's Indigenous were made wards of the Crown by Queen Victoria under the BNA so they would not starve.",2022-04-10 13:54:18.557148,1512012187954561024,2022-04-07 10:19:32+00:00,0,0,0,0,CKXS,3895,Victoria Shelter,Negative,0.3577788174152374
94,94,"Local residents will once again have a chance to weigh in on the location of a new temporary emergency homeless shelter. 
It‚Äôs the second of two information sessions about the new site in the former Victoria Park public school on Murray St. 

READ MORE: https://t.co/NZAAgyq3Fu https://t.co/uJqe4rNrtf",2022-04-10 13:54:18.557148,1511672837601480704,2022-04-06 11:51:04+00:00,0,0,0,0,BeaconHillFolks,1072,Victoria Shelter,Negative,0.38326296210289
95,95,"People should know, with the Mats cut back. The shelters are full and turning people away. People now in Victoria have no option other than to shelter in tents.Until we have enough availability, we need to give them a safe place to do that.",2022-04-10 13:54:18.557148,1511532818215538689,2022-04-06 02:34:41+00:00,1,0,12,3,rajumudhar,4559,Victoria Shelter,Negative,0.3754132091999054
96,96,Here's Victoria's great article that goes into more details about the issues here. https://t.co/ZBaL6PKN0k,2022-04-10 13:54:18.557148,1511442067599331328,2022-04-05 20:34:04+00:00,0,0,0,0,tpasengland,8231,Victoria Shelter,Neutral,0.38945987820625305
97,97,Thank you to @Simplicitly for bringing us together and @Victoria_Spratt for featuring our call along with @Shelter @GrenfellUnited @natfednews @hqn_news @jrf_uk and many more organisations calling for new social housing laws now. https://t.co/vdd0lUGbkq #ukhousing https://t.co/vm3ODj8Zy2,2022-04-10 13:54:18.557148,1511347450996527113,2022-04-05 14:18:06+00:00,0,0,7,4,Jules_2010,2139,Victoria Shelter,Negative,0.38131433725357056
98,98,"SAD NEWS üòøüòøBlack, intact Male, domestic short-hair Cat, found deceased in Victoria Park SOUTH.üòøFile # 56102 (Call Shelter 403-320-4099 for more information)  
https://t.co/levLDbZs67 #YQL https://t.co/1O0DFbjV2i",2022-04-10 13:54:18.557148,1511224747677212672,2022-04-05 06:10:31+00:00,0,0,0,1,JustmeDarlene,625,Victoria Shelter,Negative,0.3603430688381195
99,99,"A5467037 ‚ú∞ WOOFY -3/22/22-
üò¢OWNER SURRENDERüò¢üö®RESCUE ONLYüö®
üö® Needs a FOSTER and RESCUE now. üö®
He's only 8 months old and so beautiful.

A5467037 (Rescue Only): Woofy

Carson Shelter - 310-523-9566
216 W Victoria St. Gardena, CA 90248

https://t.co/0bhdwmDd7S",2022-04-10 13:54:18.557148,1511144576312090632,2022-04-05 00:51:57+00:00,1,0,0,0,harperingon,2909,Victoria Shelter,Negative,0.38877591490745544
100,100,"9YR OLD ROSCO #A5464109 IS GOING TO DIE TODAY IF HE ISN'T OUT BY THE END OF THE DAY 4PM. THERE WILL BE NO MORE EXTENSIONS... THIS IS IT!! NEEDING A FOSTER OR RESCUE TO SAVE HIS LIFE!!

He's at the
Carson Shelter
216 W Victoria Street
Gardena, California 90248
310-523-9566 https://t.co/UucxViXIgn",2022-04-10 13:54:18.557148,1511012979466248199,2022-04-04 16:09:02+00:00,5,3,25,34,VictoriaStar,158,Victoria Shelter,Negative,0.37512001395225525
101,101,@seanygravy @Gemmaaniice still got tent city under the arndale or the spice statues around victoria ?,2022-04-10 13:54:18.764187,1513115781323759624,2022-04-10 11:24:49+00:00,0,0,0,0,pfin11,137,Victoria Tent,Negative,0.35596007108688354
102,102,"Brooklyn and Nicola Peltz‚Äô wedding reception ‚Äì First dance, cocktail tent and Posh‚Äôs dress
https://t.co/cawkzKVIRl
David and Victoria Beckham‚Äôs eldest son Brooklyn, 23, has tied the knot with US actress and heiress Nicola Peltz, 27, [‚Ä¶]",2022-04-10 13:54:18.764187,1513096208302198784,2022-04-10 10:07:02+00:00,0,0,0,0,JInfo4us,2378,Victoria Tent,Negative,0.3860875070095062
103,103,"@ourplacesociety My understanding is there is a mix of people at that encampment

There are those who failed out of housing

Those who are new to Victoria

And then there are housed people like Shea Smith trying to create a tent city

Now they're calling it the Vic High Village to avoid stigma",2022-04-10 13:54:18.764187,1512996261552525316,2022-04-10 03:29:53+00:00,0,0,2,0,CharlesBodi,722,Victoria Tent,Negative,0.35217800736427307
104,104,"@visegrad24 Wow, Victoria Bonya needs to shop at Northwest Tent and Awning to get fitted for suitable attire. I understand why she can't find pants locally...",2022-04-10 13:54:18.764187,1512821570045050883,2022-04-09 15:55:43+00:00,0,0,0,0,bababooeeeeee,0,Victoria Tent,Negative,0.36262375116348267
105,105,@BaeBellaU Ministry of health said tents worth billions were carried into l.victoria and no one saw them float!!! Atleast we saw the tent fly,2022-04-10 13:54:18.764187,1512498617264877569,2022-04-08 18:32:25+00:00,1,0,1,0,Hustleprez1,2298,Victoria Tent,Negative,0.35865914821624756
106,106,Victoria sponge made by my six-year-old! Bake Off tent next?? https://t.co/oeAancZHbo,2022-04-10 13:54:18.764187,1512448420056862720,2022-04-08 15:12:57+00:00,0,0,4,0,london_raphael,163,Victoria Tent,Neutral,0.3715939521789551
107,107,Actually it‚Äôs an issue that allows you to charge the government of Canada $7 to deliver a meal to an empty tent that nobody else verifies before it gets eaten by wild animals and the empty container is collected by City of Victoria Parks staff after it blows around for a while. https://t.co/j6oDpvMLIR,2022-04-10 13:54:18.764187,1512238467324866564,2022-04-08 01:18:41+00:00,6,0,26,1,Adam_Stirling,9617,Victoria Tent,Negative,0.33490726351737976
108,108,"Anyway, here‚Äôs material from the @CityOfVictoria‚Äôs confidential risk assessments where they were warned there should be public *panic alarms* in Beacon Hill because the tent city residents there were so violent. 

You can‚Äôt FOI this. I still got it. #yyj  https://t.co/xnjcw8Erjr https://t.co/RH9fC2jSkI",2022-04-10 13:54:18.764187,1512223042734211073,2022-04-08 00:17:23+00:00,1,0,12,1,CamraBSE,2423,Victoria Tent,Negative,0.36234578490257263
109,109,"Our next branch open meeting is this Thursday (7 Apr) at 8pm at the Victoria Arms, Binfield (outside in a heated tent). To include our¬†branch¬†Pub of the Year announcement.¬†https://t.co/T2l4gUnrVC",2022-04-10 13:54:18.764187,1511257181118615552,2022-04-05 08:19:24+00:00,0,0,1,1,JusticeQueen6,1130,Victoria Tent,Neutral,0.3897055387496948
110,110,@Utwitily @STILLWATERSRU14 fredo if you ever find yourself in victoria bc go to a place called ferris oyster bar and you'll actually die from flavor overdose https://t.co/9gewNhV9Fc,2022-04-10 13:54:18.912179,1513216051705647104,2022-04-10 18:03:15+00:00,0,0,5,0,SneakyRoland,1989,Victoria Overdose,Positive,0.34182146191596985
111,111,"Transcript from first British Columbia select standing committee on health and overdose crisis: https://t.co/wWe3Bw6f6U

#bcpoli
#bchealth",2022-04-10 13:54:18.912179,1511821077860651011,2022-04-06 21:40:07+00:00,0,0,0,1,JWestfall87,2065,Victoria Overdose,Negative,0.39030593633651733
112,112,"@LanceMcWinters And at least until 2020 no discernible change in drug overdoses either in Victoria ‚Ä¶ sloppy, sloppy research Lance ü§£ü§£ü§£
https://t.co/vmnv6zc8x3",2022-04-10 13:54:18.912179,1511460571748581377,2022-04-05 21:47:36+00:00,1,1,0,0,JennyPickles1,205,Victoria Overdose,Negative,0.36287596821784973
113,113,"Every day, a dire shortage of homes for $550/month causes new inflows to homelessness &amp; prevents exits from homelessness.

#Budget2022 promises 6,000 homes at this rent for ALL OF CANADA. 

Meanwhile, Greater Victoria has a backlog shortage of  &gt;10,000 homes that cost $550/mo.",2022-04-10 13:54:19.144274,1512459595645538307,2022-04-08 15:57:22+00:00,1,0,10,5,NicoleChaland,1095,Greater Victoria Homelessness,Negative,0.36359167098999023
114,114,"Examples of those entities:
Capital Region Housing Corporation
Pacifica Housing
Aboriginal Coalition to End Homelessness
Gorge View Society
Greater Victoria Housing Society
Threshold Housing Society
M'akola Housing Society",2022-04-10 13:54:19.144274,1511504880514441218,2022-04-06 00:43:40+00:00,1,0,6,0,_jeremy_sch,312,Greater Victoria Homelessness,Negative,0.38317036628723145
115,115,"Protect yourself from identity thieves by taking part in @VicCrimeStop shredding event. All donations collected will go to help solve crimes in our community!

https://t.co/vH3DgYgt3u 

#communityevent #victoriaevents #bcevents #shreddingevent #shred #shredit",2022-04-10 13:54:19.477099,1512176518167887905,2022-04-07 21:12:31+00:00,0,0,0,0,BestShredding,325,Greater Victoria Crime,Negative,0.3793564736843109
116,116,Homeless campers asked to leave development site near Vic High https://t.co/BEVibDBG2i via @timescolonist #yyj #homeless #compassionate?,2022-04-10 13:54:19.942819,1512898811772895232,2022-04-09 21:02:39+00:00,0,1,5,7,AndrewDuffyTC,395,YYJ Homeless,Negative,0.3610820174217224
117,117,What if someone took your home and belongings everyday? That is homeless policy in some Canadian cities. This violation of #righttohousing is endorsed and funded by municipalities #yyj https://t.co/dg1rAlM5oP,2022-04-10 13:54:19.942819,1511928654917300225,2022-04-07 04:47:36+00:00,2,0,35,6,BerniePauly,3262,YYJ Homeless,Negative,0.361721009016037
118,118,"Victoria, BC: Newly wed and nearly homeless #yyj",2022-04-10 13:54:19.942819,1511856755382231045,2022-04-07 00:01:54+00:00,1,0,2,0,amywhitestripe,150,YYJ Homeless,Negative,0.3613346815109253
119,119,"@PeersVictoria @red_cedar_cafe @WeAreNorthPark @pivotlegal @TAPSBC @TheBackPackPro1 @NoplacetogoNAN @OutreachSolid Fluid Land Title?
Fernwood Flats Homeless Camp #yyj 
@PeersVictoria @red_cedar_cafe @WeAreNorthPark @pivotlegal @TAPSBC @TheBackPackPro1 @NoplacetogoNAN @OutreachSolid #SocialHousingCrisis #poverty #housing https://t.co/9phWNVlpX5",2022-04-10 13:54:19.942819,1511521049141125128,2022-04-06 01:47:55+00:00,1,0,1,0,photowarrior,616,YYJ Homeless,Negative,0.3766191303730011
120,120,#yyj @bcndp @jjhorgan we need a rental freeze and a rental rollback to match the wages. Want to help end homelessness? Here is a good start. https://t.co/8EczmKuyUV,2022-04-10 13:54:20.068042,1512809158289997828,2022-04-09 15:06:24+00:00,0,0,0,0,EllieMaeWest666,139,YYJ Homelessness,Negative,0.39125484228134155
121,121,"@PeersVictoria @red_cedar_cafe @WeAreNorthPark @pivotlegal @TAPSBC @TheBackPackPro1 @NoplacetogoNAN @OutreachSolid Fluid Land Title?
Fernwood Flats Homeless Camp #yyj 
@PeersVictoria @red_cedar_cafe @WeAreNorthPark @pivotlegal @TAPSBC @TheBackPackPro1 @NoplacetogoNAN @OutreachSolid #SocialHousingCrisis #poverty #housing https://t.co/9phWNVlpX5",2022-04-10 13:54:20.308048,1511521049141125128,2022-04-06 01:47:55+00:00,1,0,1,0,photowarrior,616,YYJ Poverty,Negative,0.3766191303730011
122,122,"People are allowed more than one pair of shoes? ...for different activities &amp; seasons?

@WorkSafeBC won't properly fund ONE #MobilityAid for a permanently #Disabled injured worker; when doctors have prescribed several?

Inflicting poverty wasn't cruel enough? #bcpoli #yyj https://t.co/vM5X3c0rKx https://t.co/xd9d1BTZQp",2022-04-10 13:54:20.308048,1511082646683590659,2022-04-04 20:45:52+00:00,1,0,3,0,420_Bike_Life,155,YYJ Poverty,Negative,0.36277467012405396
123,123,"Central Saanich police are looking for someone who may recognize these materials...they were illegally dumped on a Central Saanich property sometime Sunday night. #YYJ

File Number: 2022-960
You may report information anonymously to Crime Stoppers or 250-652-4441. https://t.co/7LdDvv72dh",2022-04-10 13:54:20.444510,1511850976726204417,2022-04-06 23:38:56+00:00,1,0,2,5,cfax1070,25880,YYJ Crime,Negative,0.3517693281173706
124,124,@victoriavisitor That was a 2016 stat. Way before #yyj‚Äôs crime index shot up to 168 in 2021 one of the highest rates in Canada.,2022-04-10 13:54:20.444510,1511478444860706816,2022-04-05 22:58:37+00:00,0,0,1,0,jpt16,373,YYJ Crime,Negative,0.3590754270553589
125,125,"When the walls of the house are shaking, but the floor isn't, think more shelter in place and less grab'n'go. 

(It's blowy out there.) #YYJ #BCStorm",2022-04-10 13:54:20.566979,1510953641896660994,2022-04-04 12:13:15+00:00,1,0,10,1,Liv_F,2012,YYJ Shelter,Negative,0.36007794737815857
126,126,"Anyway, here‚Äôs material from the @CityOfVictoria‚Äôs confidential risk assessments where they were warned there should be public *panic alarms* in Beacon Hill because the tent city residents there were so violent. 

You can‚Äôt FOI this. I still got it. #yyj  https://t.co/xnjcw8Erjr https://t.co/RH9fC2jSkI",2022-04-10 13:54:20.717200,1512223042734211073,2022-04-08 00:17:23+00:00,1,0,12,1,Adam_Stirling,9617,YYJ Tent,Negative,0.36234578490257263
127,127,Tent City at Vic High? I don't think that is a good idea.... #yyj #yyjpoli @Stephen_Andrew @Adam_Stirling,2022-04-10 13:54:20.717200,1512131664826159115,2022-04-07 18:14:17+00:00,0,0,0,0,scampden,669,YYJ Tent,Negative,0.3548014760017395
128,128,She had to be transported to hospital for a possible drug overdose.  https://t.co/YP13ZEZjHR #victoriabuzz #yyj,2022-04-10 13:54:20.845509,1511767436638445569,2022-04-06 18:06:58+00:00,0,0,1,1,victoriabuzzes,20659,YYJ Overdose,Negative,0.3514474034309387
129,129,"So ‚Ä¶ a tent Village at VicHigh? Stadacona Park? How many other spots/parks/streets, etc.? How many are in Topaz now? BHP? Etc.?",2022-04-10 13:54:22.246496,1512135708160393216,2022-04-07 18:30:21+00:00,3,0,1,0,Covid_Stinks,161,Topaz Park Tent,Neutral,0.39730098843574524
130,130,"@trubrest @vichighsd61 @CityOfVictoria @vicpdcanada @WeAreNorthPark @Adam_Stirling @Stephen_Andrew @BC_Housing That was Shea Smith, recently charged criminally for beating a homeless person to an inch of their life, sustaining permanent brain damage

He is also the reason for elevated risk areas in Beacon Hill Park",2022-04-10 13:54:22.496045,1512551618532634624,2022-04-08 22:03:02+00:00,2,0,4,2,CharlesBodi,722,Beacon Hill Park Homeless,Negative,0.3484254479408264
131,131,"@Adam_Stirling The Beacon Hill Park stress is not over. This matter will be heard April 14 at 3:30 in Victoria. This is the time and place to offer peaceful support. 

https://t.co/R2EDcpRwp3 https://t.co/bYWnDqe9IR",2022-04-10 13:54:22.496045,1511400862798671873,2022-04-05 17:50:20+00:00,0,0,3,2,HelenZeilstra,51,Beacon Hill Park Homeless,Negative,0.39528876543045044
132,132,"Fort Street at Stadacona‚Ä¶ 

Note well: a few of the well known campers from Beacon Hill are currently near Vic High, drawing up plans to build a new tent city in Stadacona Park (which was recently discussed at Council re a swing for wheelchairs). 

It‚Äôs election season‚Ä¶ #yyj",2022-04-10 13:54:23.131723,1511110930708381696,2022-04-04 22:38:15+00:00,5,0,18,2,Adam_Stirling,9617,Beacon Hill Park Tent,Neutral,0.3727758228778839
133,133,"Listening to Try by P!nk on @PandoraMusic @Pink
https://t.co/8TyAw7LtO4
üî•üî•üî•üî•üî•üî•üî•üî•üî•üî•üî•üî•üî• Whoever heard of being called a reject because you didn't want to be a homeless person so you get up and you go to work and TRY",2022-04-10 13:54:23.490758,1513219040759660544,2022-04-10 18:15:08+00:00,0,1,0,0,NicoleShivers7,6,Pandora Homeless,Neutral,0.35216522216796875
134,134,"@voguemagazine Did you ask her about:  
The money hidden in offshore accounts
Discussed the Pandora Papers
Their villa in Italy
Companies in her name 
Poor lady with food on her table, security, a house to live in while her citizens die, are homeless, hungry &amp; are scared
Really!!!!!",2022-04-10 13:54:23.490758,1512722178461999104,2022-04-09 09:20:47+00:00,0,0,1,0,HonuMahalo2,1,Pandora Homeless,Negative,0.36500388383865356
135,135,"@ZelenskyyUa I'd rather buy Russian gas, oil, than be homeless. Poverty escapes us by exchanging all corrupt politicians who don't care about their nation What about corruption pandora peipers?https://t.co/ErhqmLcQhO",2022-04-10 13:54:23.490758,1512476000181006337,2022-04-08 17:02:33+00:00,0,0,0,0,TvFrankiefree,6,Pandora Homeless,Negative,0.35698822140693665
136,136,"@Pandora_HasABox @longgoneblond Do you have any pics? There are still people who don‚Äôt know the scope of homelessness in the US

Every one who‚Äôs able please take a picture &amp; post it.",2022-04-10 13:54:23.607171,1512088920892354562,2022-04-07 15:24:26+00:00,1,0,2,0,CarlaRK3,11390,Pandora Homelessness,Negative,0.3486844301223755
137,137,"@CharlesBodi @vichighsd61 @CityOfVictoria @vicpdcanada @WeAreNorthPark @Adam_Stirling @Stephen_Andrew @BC_Housing How many hundreds got housed from the #Courthouse encampment? How many hundreds got housed from #Topaz &amp; #Pandora? How many hundreds got housed from #BHP? We are in the thousands now, there are at least 100- 200 more to be housed. There is no end to this. Its a booming industry.",2022-04-10 13:54:23.736792,1512201693190008852,2022-04-07 22:52:33+00:00,2,0,10,0,jpt16,373,Pandora Encampment,Negative,0.35791197419166565
138,138,"@ZelenskyyUa I'd rather buy Russian gas, oil, than be homeless. Poverty escapes us by exchanging all corrupt politicians who don't care about their nation What about corruption pandora peipers?https://t.co/ErhqmLcQhO",2022-04-10 13:54:23.864823,1512476000181006337,2022-04-08 17:02:33+00:00,0,0,0,0,TvFrankiefree,6,Pandora Poverty,Negative,0.35698822140693665
139,139,"@lesmiddleton @Jessicam6946 @ColoradoMom19 Until america stops fucking over it's children and forcing it's people into poverty, crime will not cease. Pandora's box is already open, disarming yourself in the current climate is like taking your jacket off in a blizzard. Suicide with extra steps.",2022-04-10 13:54:23.864823,1510794617834418180,2022-04-04 01:41:20+00:00,1,0,1,0,PungentPickle,64,Pandora Poverty,Negative,0.35722482204437256
140,140,"@YasminMSNBC @JoyceWhiteVance @yasminv No one care that election is over with.
Do you ppl really want to rehash a rig election.
You better watch what you wish for.
This could be a Pandora box.
You angry Dems got away with the crime of the century rigging our election
destroying our democracy.
There is a lot to uncover",2022-04-10 13:54:24.169928,1513037467321921540,2022-04-10 06:13:37+00:00,0,0,0,0,Macdog43032188,39,Pandora Crime,Negative,0.36208099126815796
141,141,"Let me say this again to all those concerned

Donald Trump is not going to jail, will not be charged with a crime and he will not be indicted. 

He may be guilty but, he is a former president, and Merrick Garland will not open that Pandora's box 

Nor will any other prosecutor.",2022-04-10 13:54:24.169928,1512993117879816200,2022-04-10 03:17:24+00:00,0,0,2,0,Lawrenc04764223,232,Pandora Crime,Negative,0.39238113164901733
142,142,@calabrese_vero @CP24 Throwing someone in prison for denying an event is thought crime.  If some nutter wants to deny the moon is real what matters it?  And why only apply it to one historical event?  It would open Pandora‚Äôs box for locking people up over any thought expressed on the past,2022-04-10 13:54:24.169928,1512566126722621440,2022-04-08 23:00:41+00:00,0,0,1,0,JamieDuffDevOPs,70,Pandora Crime,Negative,0.3449462652206421
143,143,Its a crime that theres not a dobby pandora charm :((,2022-04-10 13:54:24.169928,1512508828809666568,2022-04-08 19:13:00+00:00,0,0,2,0,ShaunyCurran_,716,Pandora Crime,Negative,0.3582726716995239
144,144,"To my fellow true crime fans, you need to check our Dan Cummins Time Suck on Pandora. He‚Äôs a comedian and mixes in a little comedy with his podcasts. I love his. He doesn‚Äôt just do true crime but that‚Äôs what I listen to.",2022-04-10 13:54:24.169928,1512505811209183244,2022-04-08 19:01:01+00:00,0,0,0,0,BoomerThunder1,690,Pandora Crime,Negative,0.36488789319992065
145,145,@Red3Biggs @suzseddon @SenseOf_OUTRAGE My goal wasn't to prove OP's point but to show she didn't make it up whole cloth (like the writers of Beyond Belief do). She's just using the information available. Here's an anti-organized crime site talking about his offshore habits. https://t.co/00YPUEivJK,2022-04-10 13:54:24.169928,1512447002910539785,2022-04-08 15:07:20+00:00,0,0,0,0,Lodane23,1193,Pandora Crime,Negative,0.36005157232284546
146,146,"This week, John and Elliot unpack more from the Pandora Papers, with a focus on the gatekeepers and the weaknesses they create for financial crime prevention. Tune in now! https://t.co/v3wnsDCqq2",2022-04-10 13:54:24.169928,1512434318240620545,2022-04-08 14:16:55+00:00,0,0,0,0,AMLRightSrc,772,Pandora Crime,Negative,0.3646411895751953
147,147,@BarkyNPoppy Do we not see the corruption? This was a plan Depopulation? A bioweapon unleashed onto the world. These individuals and associates must be brought to justice. Crime against humanity. The people deserve justice @SenTedCruz @RandPaul @GOP @PapiTrumpo. The pandora box is open.,2022-04-10 13:54:24.169928,1512429190230032388,2022-04-08 13:56:33+00:00,1,0,1,0,REALMCC85956386,512,Pandora Crime,Positive,0.3592630922794342
148,148,"@tdubey @andrew_lilico Many people want MORE transparency. Surely transparency is sign of good &amp; confident democracy/govt/politician/business?

Why should people be able to hide dodgy behaviour just cos rich/powerful? 

Isn‚Äôt stuff like Pandora Papers (financial crime) or Wikileaks (war crimes) good?",2022-04-10 13:54:24.169928,1512408344866209799,2022-04-08 12:33:43+00:00,2,0,0,0,DutchieMartin,1070,Pandora Crime,Negative,0.35628417134284973
149,149,"@mirawyi lmao this is normalization 101. Now that she has opened the pandora's box, would it be a crime to rape in the metaverse?",2022-04-10 13:54:24.169928,1512408112740769797,2022-04-08 12:32:47+00:00,2,0,1,0,haofuwei,1612,Pandora Crime,Neutral,0.34142813086509705
150,150,@FlavionsKimani @gerodouglas1 @NelsonHavi When did Pandora paper become a crime,2022-04-10 13:54:24.169928,1512322453493714947,2022-04-08 06:52:25+00:00,1,0,0,0,itsrealclintona,174,Pandora Crime,Negative,0.3764303922653198
151,151,"@bayolondon @SaharaReporters If you are knowligeable enough, u will understand that he didn't commit any crime. The Pandora box claimed he evaded tax. Not that he stole money or embezzled money. He was smart enough to evade tax that's his crime.",2022-04-10 13:54:24.169928,1512304864252112899,2022-04-08 05:42:31+00:00,2,0,3,0,charleschizu,462,Pandora Crime,Negative,0.3574330508708954
152,152,"@Pandora_HasABox @djosephdixon @colemankane @StaceySmithCCC @AftabPureval @cahoots_wbc Unfortunately, the data is a mixed bag on whether more police does in fact, reduce crime. Some studies say yes and some say no. I am not a big proponent of throwing more money at a social problem that has its roots in some other social problems, that never seems to work.",2022-04-10 13:54:24.169928,1512200155608588294,2022-04-07 22:46:27+00:00,0,0,0,0,politbogwitch,72,Pandora Crime,Negative,0.3539419174194336
153,153,"@podbeancom If you like True Crime with not a ton of banter, but isn‚Äôt serious like Dateline- check us out!üíú Available everywhere except Pandora! #lnmp https://t.co/xxNiVFmofQ",2022-04-10 13:54:24.169928,1512183246863405056,2022-04-07 21:39:15+00:00,0,0,0,0,lnmurderpodcast,66,Pandora Crime,Negative,0.36403989791870117
154,154,"@Jobvo If you like True Crime with not a ton of banter, but isn‚Äôt serious like Dateline- check us out!üíú Available everywhere except Pandora! #lnmp",2022-04-10 13:54:24.169928,1512183021537009664,2022-04-07 21:38:21+00:00,0,0,0,0,ChidinduAnosike,205,Pandora Crime,Negative,0.36448055505752563
155,155,"@alhassa17869020 @Jack_ng01 Believe me if there was any crime in that Pandora stuff 
EFCC would have carried him already",2022-04-10 13:54:24.169928,1512114426391977989,2022-04-07 17:05:47+00:00,1,0,0,0,djosephdixon,125,Pandora Crime,Negative,0.3882732689380646
156,156,"@Pandora_HasABox @colemankane @StaceySmithCCC @AftabPureval @cahoots_wbc @politbogwitch Definition of ‚Äúa waste of time‚Äù:
Arguing with someone who contends that police can‚Äôt stop violent crime and who last eeek was defending an act of violence on international TV.
You are simply a leftist code word vending machine.",2022-04-10 13:54:24.169928,1512057244615122955,2022-04-07 13:18:34+00:00,1,0,0,0,WatsonAlzwatson,3,Pandora Crime,Negative,0.35923659801483154
157,157,"@cjfaison @cjfaison 
‚Ä¢Significant discovery 
‚Ä¢Pandora‚Äôs box 
‚Ä¢Ominous 
‚Ä¢Bizarre 
‚Ä¢Something of value 
‚Ä¢Awesome find 
‚Ä¢Undiscovered evidence/crime scene 
‚Ä¢Vital information 
‚Ä¢Missing link
‚Ä¢Reverent 
‚Ä¢Mysterious object
‚Ä¢Mystery box
‚Ä¢Spooky 
‚Ä¢Smoke screen 
‚Ä¢Devil in disguise",2022-04-10 13:54:24.169928,1511862464258150401,2022-04-07 00:24:35+00:00,0,0,0,0,NYCoruna,51,Pandora Crime,Negative,0.3838600218296051
158,158,"@cjfaison ‚Ä¢Significant discovery 
‚Ä¢Pandora‚Äôs box
‚Ä¢Something of value 
‚Ä¢Undiscovered evidence/crime scene 
‚Ä¢Vital information 
‚Ä¢Missing link
‚Ä¢Kismet (fate and destiny)
‚Ä¢Mysterious objects
‚Ä¢Mystery boxes 
‚Ä¢Spooky 
‚Ä¢Smoke screen 
‚Ä¢Devil in disguise 
‚Ä¢Masked bandit
@cjfaison",2022-04-10 13:54:24.169928,1511861511043829760,2022-04-07 00:20:47+00:00,0,0,0,0,colemankane,2355,Pandora Crime,Negative,0.3934016823768616
159,159,üéß Gimme Shelter (Remastered 2019) by @RollingStones on @PandoraMusic https://t.co/HUmuHpgLi3,2022-04-10 13:54:24.513129,1513149041961545730,2022-04-10 13:36:59+00:00,0,0,1,0,DakotaMangus3,8,Pandora Shelter,Neutral,0.3751750588417053
160,160,üéß Gimme Shelter (Mono) by The Rolling Stones on @PandoraMusic https://t.co/zJDP1FxpT8,2022-04-10 13:54:24.513129,1512953524044414982,2022-04-10 00:40:04+00:00,0,0,1,0,WadeDefy68,854,Pandora Shelter,Neutral,0.3829474449157715
161,161,"@Burgundavia @martynschmoll @cameronmaltby @Stephen_Andrew Most of what they talk about is what a certain councilor who I will not name goes off on tangents about.

Like when this person suggested taking resources from pre/post natal care to make them work in the shelter on Pandora",2022-04-10 13:54:24.513129,1512844217466294278,2022-04-09 17:25:43+00:00,1,0,0,0,TPP__9_,11,Pandora Shelter,Negative,0.35080966353416443
162,162,üéß Gimme Shelter (Mono) by The Rolling Stones on @PandoraMusic https://t.co/kwAl3gTZsz,2022-04-10 13:54:24.513129,1512814984157356049,2022-04-09 15:29:33+00:00,0,0,0,0,KatrinaGAGirl,5978,Pandora Shelter,Neutral,0.38542839884757996
163,163,üéß Pale Shelter (2nd Single Version) by Tears For Fears on @PandoraMusic  https://t.co/fcZDxIil1a https://t.co/3cZUFiuEu2,2022-04-10 13:54:24.513129,1512783767076843521,2022-04-09 13:25:30+00:00,0,0,1,0,samieejdavis97,2,Pandora Shelter,Negative,0.3751630485057831
164,164,üéß Gimme Shelter (Remastered 2019) by @RollingStones on @PandoraMusic https://t.co/UI1R7KWVQe,2022-04-10 13:54:24.513129,1512561152328355844,2022-04-08 22:40:55+00:00,0,0,0,0,moorela66180327,11072,Pandora Shelter,Neutral,0.37551116943359375
165,165,Wanted to listen to Temproary Home while I'm in this shelter but Pandora couldn't find it.,2022-04-10 13:54:24.513129,1512535491853225984,2022-04-08 20:58:57+00:00,0,0,0,0,lolachild,214,Pandora Shelter,Negative,0.3421778082847595
166,166,üéß Stranger In A Strange Land (feat. The Shelter People) by Leon Russell on @PandoraMusic https://t.co/oJQTROjbvq,2022-04-10 13:54:24.513129,1512449177539776512,2022-04-08 15:15:58+00:00,0,0,0,0,kellens_mom,180,Pandora Shelter,Neutral,0.36893895268440247
167,167,@JuliaHB1 @LiveHazards He‚Äôs got a point. All the vids I‚Äôve seen are Russians given food and shelter to population. More arms mean the war is dragged out for longer and more civilian casualties. Please research Pandora papers.,2022-04-10 13:54:24.513129,1512343809358798848,2022-04-08 08:17:16+00:00,2,0,15,0,PoignantTails,271,Pandora Shelter,Negative,0.36849743127822876
168,168,üéß Gimme Shelter (Mono) by The Rolling Stones on @PandoraMusic https://t.co/gmuN5UmFJy,2022-04-10 13:54:24.513129,1512265287462178819,2022-04-08 03:05:15+00:00,0,0,0,0,dianaaitchison,6535,Pandora Shelter,Neutral,0.38106080889701843
169,169,üéß Gimme Shelter (Mono) by The Rolling Stones on @PandoraMusic https://t.co/XIOTLpxEHf,2022-04-10 13:54:24.513129,1511769086103068680,2022-04-06 18:13:32+00:00,0,0,0,0,aCuteDoe,741,Pandora Shelter,Neutral,0.37985050678253174
170,170,"Other good news: The foster I got Sypha from will be able to foster Pandora.  It's not a permanent home, but it's also not a shelter.  I trust she'll be able to find a good home for her.",2022-04-10 13:54:24.513129,1511704790618628097,2022-04-06 13:58:02+00:00,0,0,2,0,XoDaniCreations,243,Pandora Shelter,Negative,0.35111725330352783
171,171,BAT UP TILL 2021 EXCEPT YOU HAVE MISSED YOUR RATION TODAY OR YOU HAVE TAKEN OVERDOSE OF YOUR DRUGS ELSE HAVE YOU EVER SEEN BLOOD ON THE LIPS OF WITCHCRAFT HOWEVER I HAVE NEVER SEEN NOR HAVE THE KIND PANDORA PAPERS WITH YOU AS THERE WAS NO PANDORA PAPERS ISSUED CONCERNING ALL YOUR https://t.co/3iSVczhlAK,2022-04-10 13:54:24.730576,1512768024918601735,2022-04-09 12:22:57+00:00,1,0,0,0,olusegunakanbiB,797,Pandora Overdose,Negative,0.37681323289871216
172,172,@ken_akehurst @DubeJohnr @LibbySchaaf @mayoroflasvegas Getting mad at people from Vegas for pointing out oaklands homeless problem and not the people you put in office who's job it is to fix the homeless problem sounds about right for oakland...,2022-04-10 13:54:24.857303,1512447228660441090,2022-04-08 15:08:13+00:00,0,0,3,0,TenbagToni,73,Oaklands Homeless,Negative,0.364656537771225
173,173,@lorenmtaylor @LaTondaSimmons There WILL be a political reckoning over the City‚Äôs gaslighting of Oaklands neighbors about the EMP and overall lack of accountability to address our encampment crisis from the City.,2022-04-10 13:54:25.065711,1512075686084636672,2022-04-07 14:31:51+00:00,0,0,1,1,BigSen21,286,Oaklands Encampment,Negative,0.36852216720581055
174,174,Whack &gt;&gt;&gt; Man killed in 'heinous crime' by Oakland's Lake Merritt ID'd https://t.co/DgsZ2EN4sB,2022-04-10 13:54:25.302587,1512658965586673665,2022-04-09 05:09:35+00:00,0,0,0,0,dj_ready,1677,Oaklands Crime,Negative,0.3650391399860382
175,175,"Man killed in 'heinous crime' by Oakland's Lake Merritt ID'd

https://t.co/NR8nQXUmBk",2022-04-10 13:54:25.302587,1512430499058241545,2022-04-08 14:01:45+00:00,0,0,0,1,mts007,499,Oaklands Crime,Negative,0.3632320463657379
176,176,"Man killed in 'heinous crime' by Oakland's Lake Merritt ID'd

https://t.co/qNJWMLWzx1",2022-04-10 13:54:25.302587,1512428763446841347,2022-04-08 13:54:51+00:00,0,0,0,0,RoGonzalesTV,4829,Oaklands Crime,Negative,0.3626837432384491
177,177,"@montefisto13 @CharleneLimaRI @RI2APAC @Uprise_Greg @ethangy @TedNesi They actually did. Oakland cut $14M from its police budget in June 2020 and another $15M in Dec 2020. They've subsequently refunded most of the cuts in the face of rising crime.

https://t.co/GCpjyvBr3h",2022-04-10 13:54:25.302587,1512263670062989318,2022-04-08 02:58:50+00:00,1,0,0,0,Match_Analysis,4239,Oaklands Crime,Negative,0.3792557418346405
178,178,[NSW] 'Family Caseworker' required by 'Wesley Mission' in Fairfield. Join our small team of caseworkers assisting families experiencing homelessness or homeless-risk in West and South West Sydney. See more and apply at: https://t.co/B9ipRhc8VN #Caseworker #ChristianJobs,2022-04-10 13:54:25.698218,1511509064831930369,2022-04-06 01:00:18+00:00,1,0,0,2,ChristianJobsAU,4362,Fairfield Homeless,Neutral,0.37352895736694336
179,179,"From our Warming Center to our Permanent Supportive Housing Program! Brian with the help of Y case worker, PJ, got keys for his new unit in the Fairfield Apartments! Help us, help others! Walk with us on May 21 in our 21st Walk to End Homelessness. Details on web site. https://t.co/7BdIIqoouj",2022-04-10 13:54:25.852671,1512129339537645568,2022-04-07 18:05:03+00:00,0,0,1,0,AlphaCServices,47,Fairfield Homelessness,Negative,0.3791799247264862
180,180,Jonathan has keys to a new home at our Fairfield Apartments! We met him at our South End Community Center Warming Center. We helped him obtain the paperwork to successfully transfer Y Permanent Supportive Housing. Support our work! Join our May 21 Walk to End Homelessness! https://t.co/ItJxTB2lVl,2022-04-10 13:54:25.852671,1511811495679733761,2022-04-06 21:02:03+00:00,0,0,3,1,CCCYMCA,1539,Fairfield Homelessness,Negative,0.3745637536048889
181,181,[NSW] 'Family Caseworker' required by 'Wesley Mission' in Fairfield. Join our small team of caseworkers assisting families experiencing homelessness or homeless-risk in West and South West Sydney. See more and apply at: https://t.co/B9ipRhc8VN #Caseworker #ChristianJobs,2022-04-10 13:54:25.852671,1511509064831930369,2022-04-06 01:00:18+00:00,1,0,0,2,ChristianJobsAU,4362,Fairfield Homelessness,Neutral,0.37352895736694336
182,182,"EDUCATING THE COMMUNITY: Pacific House's Homelessness &amp; Health Week is spreading awareness in Fairfield. 
https://t.co/piFHFCYiTS",2022-04-10 13:54:25.853153,1511408069720387587,2022-04-05 18:18:59+00:00,0,0,0,0,News12CT,96163,Fairfield Homelessness,Negative,0.39704373478889465
183,183,Name: Ricky Stuart Deacon ‚Ä¢ City: Fairfield ‚Ä¢ Date: 12/10/16 ‚Ä¢ Cause of Death: Vehicle ‚Ä¢ Report: https://t.co/bZ9M1GbLXV,2022-04-10 13:54:26.355820,1513158374325641218,2022-04-10 14:14:04+00:00,0,0,0,0,the_decedents,98,Fairfield Crime,Negative,0.3718746602535248
184,184,Juvenile justice panel addresses the root causes and prevention of youth crime. https://t.co/dwzofdamCl https://t.co/TZNrqwjHj5,2022-04-10 13:54:26.355820,1512822719158571008,2022-04-09 16:00:17+00:00,0,0,0,0,Fairfield_HH,1596,Fairfield Crime,Negative,0.3913927376270294
185,185,"@blukas9776 @JLeishae @JoyceWhiteVance She probably had a reason to call them ""Uncle Tom"". Everybody in Birmingham, Alabama does not experience crime.
What about the other majority black cities in metro Birmingham...Bessemer, Fairfield, Midfield, Tarrant, Center Point, Brighton, etc.?
What is their crime rate??",2022-04-10 13:54:26.355820,1512773421259792390,2022-04-09 12:44:24+00:00,1,0,1,1,NufocusfromBham,536,Fairfield Crime,Negative,0.3724549412727356
186,186,"The ball is rolling forward again for the Fairfield teens charged with murdering their teacher in November:
https://t.co/fQd1BBeNw9 @DMRegister",2022-04-10 13:54:26.355820,1512566241579646977,2022-04-08 23:01:08+00:00,0,0,2,0,DMRMorris,1406,Fairfield Crime,Negative,0.3817298412322998
187,187,"Fairfield Police will host its annual National Drug Take Back Day on Saturday, April 30, 2022, 10 AM to 2 PM, at parking lot next to City Hall.

For more information, visit https://t.co/v4OiENvQVm or contact Fairfield PD Crime Prevention at (707) 428-7789.
#weservefairfieldca https://t.co/14NY98ZaVg",2022-04-10 13:54:26.355820,1512551318216392706,2022-04-08 22:01:50+00:00,0,0,2,2,cityoffairfield,790,Fairfield Crime,Negative,0.3862636387348175
188,188,Fairfield teens‚Äô appeals declined | The Gazette #RipNohemaGraber  https://t.co/YQsDLEBymA,2022-04-10 13:54:26.355820,1512475134409379840,2022-04-08 16:59:07+00:00,0,0,1,1,KillerKidsPod,6327,Fairfield Crime,Negative,0.3738892674446106
189,189,Two teenagers accused of killing a Fairfield high school Spanish teacher in had their appeals declined by the Iowa Supreme Court Thursday. https://t.co/YID5IuDUDo,2022-04-10 13:54:26.355820,1512200312819490816,2022-04-07 22:47:04+00:00,0,0,1,0,gazettedotcom,55483,Fairfield Crime,Negative,0.35162419080734253
190,190,"The Iowa Supreme Court has denied appeals from the two Fairfield teens accused of killing their Spanish teacher, who were asking for a hearing to remain closed to the public and for an attachment to be sealed.  https://t.co/AaICgkCLsD",2022-04-10 13:54:26.355820,1512199633069608971,2022-04-07 22:44:22+00:00,0,0,1,0,KWWL,65578,Fairfield Crime,Negative,0.3613973557949066
191,191,"Hey, @astros &amp; @OrbitAstros can you help the Fairfield Astros little league baseball team?? They witnessed a carjacking at gunpoint during practice. The coach tells me the kids are now scared to play ball! Anything you can do to help get their mind off this violent crime??
@KHOU https://t.co/AlRKNmjwvT",2022-04-10 13:54:26.355820,1511817583846113294,2022-04-06 21:26:14+00:00,0,4,6,5,AnayeliNews,4245,Fairfield Crime,Positive,0.356282502412796
192,192,"This video is just wild! Thank goodness that good Samaritan was in the right place at the right time. #KHOU11
https://t.co/BrWSGPkzSZ",2022-04-10 13:54:26.355820,1511713913804623875,2022-04-06 14:34:17+00:00,0,0,1,1,BrandiKHOU,14476,Fairfield Crime,Negative,0.3701367974281311
193,193,"Two men have been arrested after a woman was carjacked at gunpoint while she was watching her son play little league Monday night in the Fairfield Cypress area, according to the sheriff's office. https://t.co/lNsfo7LkLp",2022-04-10 13:54:26.355820,1511711575043973134,2022-04-06 14:25:00+00:00,0,2,5,2,KHOU,752805,Fairfield Crime,Positive,0.376034677028656
194,194,Crime up thanks democrats  HCSO: Two men arrested after allegedly carjacking woman at gunpoint during little league practice https://t.co/lRMilwvv4C via @KHOU,2022-04-10 13:54:26.355820,1511684441847959558,2022-04-06 12:37:11+00:00,0,0,0,0,OurRightsCount,1170,Fairfield Crime,Negative,0.36019137501716614
195,195,"https://t.co/cIBsRPlzw2
They will be murderers soon! #cypressTx",2022-04-10 13:54:26.355820,1511575570433417218,2022-04-06 05:24:34+00:00,0,0,0,0,TxtPublic,2,Fairfield Crime,Negative,0.3675311207771301
196,196,"EXCLUSIVE VIDEO: A surveillance camera caught a carjacking suspect crashing a stolen SUV into a sign in the Fairfield Cypress area. @AnayeliNews¬†

STORY: https://t.co/lNsfo7LkLp https://t.co/IHcSk1I6Hs",2022-04-10 13:54:26.355820,1511528906209345536,2022-04-06 02:19:08+00:00,1,1,10,4,thaiparampil,1513,Fairfield Crime,Neutral,0.3400022089481354
197,197,HCSO: Two men arrested after allegedly carjacking woman at gunpoint during little league practice The suspects have been arrested thanks to a good Samaritan that followed them after the car was stolen. https://t.co/CtpTv3gEcb,2022-04-10 13:54:26.355820,1511517734319927301,2022-04-06 01:34:45+00:00,0,0,0,0,MossMom319,1893,Fairfield Crime,Negative,0.3537497818470001
198,198,Republican gubernatorial candidate Bob Stefanowski will name Fairfield Rep. Laura Devlin as running mate at press conference in Fairfield Tuesday morn. ‚Å¶@DonaldJTrumpJr‚Å© (have your dad check them out because we have a crime in communist crisis in CT) https://t.co/NLYpxT51yC,2022-04-10 13:54:26.355820,1511513634370998274,2022-04-06 01:18:27+00:00,0,0,1,0,JupiterUr,2,Fairfield Crime,Negative,0.3680635392665863
199,199,"Vote now for the National Unsung Hero https://t.co/Dg7poPk60l 
Please vote for my shero Samira and the Fairfield County Animal Shelter!",2022-04-10 13:54:26.495708,1512077107131691015,2022-04-07 14:37:30+00:00,0,0,0,0,NolaArmstrong,512,Fairfield Shelter,Negative,0.358265221118927
200,200,@worlockandrea ‚ô•Ô∏è thanks for voting 4 Sam volunteer animal rescue coordinator at Fairfield County SC shelter so shelter might win $25K to help more pets! üêæ ALL Follo @BoxerRescueVT n kindly retweet @BikerBunnyD orig post with Vote page link so More People See it &amp; vote 4 Sam. TY,2022-04-10 13:54:26.495708,1512053402137763847,2022-04-07 13:03:18+00:00,0,0,1,1,BoxerRescueVT,1671,Fairfield Shelter,Negative,0.37440064549446106
201,201,"@BikerBunnyD @JamesMc89631483 @LilBunnyFooFo15 @LilacMoon_8 @k9ProtectLeague @ElizGriff2016 @kimgal66 @47angb @TinyIsLove @WokeChiweenie @duckusa PLEASE RETWEET SO MORE PPL SEE &amp; CAN VOTE FOR SAM! $25,000 GRANT TO FAIRFIELD COUNTY SHELTER IF SHE WINS! Please Retweet... LIKES WONT SPREAD WORD, RETWEETS GET POST SEEN=ACTION. Thank you.",2022-04-10 13:54:26.495708,1512044439778344970,2022-04-07 12:27:41+00:00,1,0,2,2,kmygly,692,Fairfield Shelter,Negative,0.3580639064311981
202,202,#Autopsy: Woman found at end of #Fairfield driveway last #summer died of accidental overdo - Apr 6 @ 3:43 PM ET https://t.co/h5AibURau6,2022-04-10 13:54:26.755648,1511792475668729859,2022-04-06 19:46:28+00:00,0,0,0,0,PulpNews,5225,Fairfield Overdose,Negative,0.3632434904575348
203,203,"Fairfield woman found dead in August died of accidental overdose, police say   https://t.co/AySW58OFAA",2022-04-10 13:54:26.755648,1511784656626233357,2022-04-06 19:15:24+00:00,0,0,0,0,KJ_Online,11180,Fairfield Overdose,Neutral,0.3434920012950897
204,204,"Kylee Phillips, 21, was found unresponsive at the end of a Martin Stream Road driveway at about 2:43 p.m. on Aug. 25.

https://t.co/c1DlJTZWXt",2022-04-10 13:54:26.755648,1511776430169989122,2022-04-06 18:42:43+00:00,0,0,0,0,bangordailynews,98437,Fairfield Overdose,Negative,0.35456594824790955
205,205,"Kylee Phillips, 21, was found unresponsive at the end of a driveway on Aug. 25 and investigators at the time weren't certain how she died.

https://t.co/AWUmBAYzy9",2022-04-10 13:54:26.755648,1511773231056928768,2022-04-06 18:30:00+00:00,0,0,0,0,OnlineSentinel,8115,Fairfield Overdose,Negative,0.3422344923019409
